기쁘다	하늘을 수놓은 별빛의 축제
기쁘다	손에 잡힌 행운의 네잎클로버
기쁘다	온 세상이 축하하는 당신의 성공
기쁘다	마음 깊은 곳의 평온한 호수
기쁘다	꿈에 그리던 이상향의 발견
기쁘다	삶의 오아시스에서 맛보는 달콤함
기쁘다	빗속 무지개 같은 기대의 빛
기쁘다	소원을 이룬 순간의 황홀경
기쁘다	내일을 향한 희망의 씨앗
기쁘다	새벽녘 첫 빛처럼 부서지는 기쁨
기쁘다	가을 하늘에 펼쳐진 붉은 노을
기쁘다	따스한 햇살 아래 피어난 웃음
기쁘다	산뜻한 바람에 실린 새 소식
기쁘다	봄비에 씻긴 세상의 맑음
기쁘다	흩날리는 벚꽃 아래서의 약속
기쁘다	겨울밤을 밝히는 따뜻한 불빛
기쁘다	첫눈이 내리는 밤의 고요함
기쁘다	소중한 추억으로 가득한 상자
기쁘다	마음을 따뜻하게 하는 친구의 편지
기쁘다	눈부신 아침의 첫 번째 인사
기쁘다	잃었던 보물을 되찾은 순간
기쁘다	기다림 끝에 만난 소중한 인연
기쁘다	무대 위의 빛나는 주인공
기쁘다	시련을 이겨낸 후의 달콤한 휴식
기쁘다	평생을 찾던 답의 발견
기쁘다	마음을 채우는 감사의 멜로디
기쁘다	비바람 후 더 밝은 태양
기쁘다	한여름 밤의 꿈같은 만남
기쁘다	눈앞에 펼쳐진 환상의 풍경
기쁘다	가족과 나누는 소중한 시간
기쁘다	잔잔한 음악처럼 흐르는 평화
기쁘다	생일 케이크 위의 빛나는 촛불
기쁘다	가슴 벅찬 성취의 순간
기쁘다	긴 여정 끝의 돌아옴
기쁘다	승리의 순간을 함께하는 동료들
기쁘다	새로운 시작의 설렘
기쁘다	아이의 첫 걸음처럼 소중한 순간
기쁘다	영화 같은 사랑의 고백
기쁘다	마지막 페이지를 덮는 만족
기쁘다	오랜 기다림 끝의 해피엔딩
기쁘다	마음 속 꽃밭에 봄이 찾아온 듯한 기쁨
기쁘다	마음을 울리는 행복의 종소리
기쁘다	햇살 아래 반짝이는 바다의 미소
기쁘다	무지개를 발견한 순간의 놀라운 기쁨
기쁘다	봄날에 실려오는 상큼한 꽃향기
즐겁다	일상 속 작은 행복의 발견
즐겁다	파도 소리에 맞춘 해변의 춤
즐겁다	영화처럼 펼쳐지는 추억의 장면들
즐겁다	친구들과 나누는 웃음 가득한 이야기
즐겁다	가을 길을 걷는 오색 찬란한 낙엽
즐겁다	아침 햇살 속 새롭게 시작하는 기대
즐겁다	커피 한 잔에 담긴 따뜻한 위로
즐겁다	밤하늘을 수놓는 화려한 별똥별
즐겁다	서점의 구석구석 숨겨진 이야기들
즐겁다	처음 만난 순간의 설레는 마음
즐겁다	화려한 불꽃놀이 아래 밝게 빛나는 미소
즐겁다	비 오는 날 창가의 아늑한 휴식
즐겁다	초록 잎사귀 사이로 비추는 햇빛
즐겁다	선물을 받은 순간의 뜻밖의 기쁨
즐겁다	어린 시절 꿈꾸던 모험의 시작
즐겁다	봄날의 나른함 속 피어나는 꽃말
즐겁다	흥겨운 음악에 몸을 맡긴 춤
즐겁다	달콤한 디저트와의 첫 만남
즐겁다	밤새도록 이어지는 친구와의 대화
즐겁다	여행길에서 만난 뜻밖의 풍경
즐겁다	책장을 넘기는 소리 속 숨겨진 세계
즐겁다	향기로운 꽃밭에서의 한가로운 오후
즐겁다	겨울밤을 밝히는 따스한 캔들 라이트
즐겁다	무대 위에서 빛나는 순간의 눈부심
즐겁다	가족과의 소중한 시간 속에서 느끼는 안정
즐겁다	잔잔한 바람과 함께하는 산책
즐겁다	잊을 수 없는 첫 사랑의 추억
즐겁다	동화책 속 마법 같은 모험
즐겁다	해질 녘 노을에 물든 하늘
즐겁다	유년 시절 뒷마당의 보물 찾기
즐겁다	오랫동안 기다린 후의 만남
즐겁다	목소리를 가득 채우는 웃음의 화음
즐겁다	캠핑 밤하늘 아래의 별빛 이야기
즐겁다	무지개 색깔로 물든 비 후의 하늘
즐겁다	새해를 알리는 화려한 불꽃놀이
즐겁다	마음을 따뜻하게 하는 할머니의 이야기
즐겁다	오랜 친구와의 재회의 기쁨
즐겁다	자연 속에서 느끼는 깊은 평온
즐겁다	새벽 공기와 함께하는 조용한 명상
즐겁다	아이들의 웃음소리 가득한 놀이터
즐겁다	산뜻한 아침 공기처럼 마음을 채우는 활기
즐겁다	얼굴에 피어난 웃음의 꽃밭
즐겁다	살랑바람에 춤추는 꽃잎들의 축제
즐겁다	별빛 아래 웃음 가득한 밤
즐겁다	광활한 숲 속에서 뛰노는 나비들
감사하다	말 없이 전하는 마음의 선물
감사하다	오랜 가뭄 끝에 내린 소중한 비
감사하다	꽃피는 봄날 그대의 친절한 온기
감사하다	가슴 속 깊이 새겨진 감동의 기억
감사하다	나를 풍요롭게 하는 당신의 사랑
감사하다	따스한 햇살 아래 녹아내리는 겨울의 얼음
감사하다	촛불 하나로 밝혀진 어둠의 고요함
감사하다	바람에 실려온 행운의 메시지
감사하다	긴 여정의 끝에서 만난 따뜻한 환영
감사하다	무거운 짐을 함께 나눈 친구의 손길
감사하다	한 줄기 빛으로 길을 밝혀준 이정표
감사하다	비바람 속에서도 빛나는 무지개의 약속
감사하다	긴 밤을 지새워준 별빛 같은 위로
감사하다	마른 대지에 내린 생명수 같은 은혜
감사하다	소란스러운 세상 속 조용한 피난처
감사하다	지친 마음을 어루만져 준 가을의 바람
감사하다	추운 겨울날 마음을 녹여주는 온기
감사하다	숨겨진 보물처럼 발견한 당신의 조언
감사하다	험난한 길에서 나를 이끈 믿음의 등대
감사하다	캄캄한 밤을 밝히는 달빛의 속삭임
감사하다	어려움 속에서도 피어난 희망의 꽃
감사하다	서툰 발걸음을 따뜻하게 바라봐 준 시선
감사하다	작은 손짓 하나에 전해진 큰 위안
감사하다	가슴 깊은 곳에 남은 감사의 노래
감사하다	지친 일상에 찾아온 기쁨의 순간
감사하다	힘든 시간을 함께 걸어준 동반자의 발자국
감사하다	고된 하루 끝의 편안한 안식
감사하다	폭풍우 속에서도 변함없는 닻
감사하다	오랜 침묵을 깨운 소중한 대화
감사하다	세월 속에서 빛나는 불변의 우정
감사하다	생각지 못한 순간의 기쁜 소식
감사하다	힘들 때마다 나를 일으켜 세운 격려
감사하다	막다른 길에서 열어준 새로운 문
감사하다	조용한 밤에 울려 퍼지는 감사의 기도
감사하다	깊은 바다처럼 넓은 당신의 이해
감사하다	늘 내 곁에 있어준 가족의 사랑
감사하다	쓰라린 상처를 치유해 준 시간의 묘약
감사하다	잃어버린 꿈을 다시 찾게 해준 희망
감사하다	울적한 날에 비추는 위로의 달빛
감사하다	인생 길목에서 만난 소중한 인연
감사하다	언제나 변함없는 당신의 성실함
감사하다	기쁨과 슬픔을 함께 나눈 동행
감사하다	작은 것에서 찾은 큰 기쁨의 교훈
감사하다	무심코 건넨 말 한마디의 힘
감사하다	지나온 날들을 아름답게 만든 추억
행복하다	서로의 마음을 밝히는 사랑의 등대
행복하다	편안한 이불 속의 겨울 아침
행복하다	가족과 나누는 저녁 식탁 위의 웃음꽃
행복하다	가을 햇살 속 포근한 오후의 여유
행복하다	마음을 울리는 감동의 하모니
행복하다	오랜 친구와 나누는 따뜻한 대화의 차
행복하다	책 속 페이지마다 숨겨진 모험의 세계
행복하다	첫눈이 내리는 밤의 조용한 기쁨
행복하다	산책길에서 마주친 봄날의 첫 꽃
행복하다	새벽 공기를 가르며 펼쳐지는 평화의 순간
행복하다	작은 성공에 대한 스스로의 격려와 칭찬
행복하다	마음을 나누는 친구의 소중한 위로
행복하다	고된 하루 후 맞이하는 편안한 안식
행복하다	아이들의 순수한 웃음에서 찾는 즐거움
행복하다	갓 구운 빵의 향기에 실린 기대
행복하다	온 가족이 모여 듣는 행복한 이야기
행복하다	잊을 수 없는 여행에서의 뜻밖의 발견
행복하다	마음속 깊이 새겨진 우정의 기억
행복하다	새해 첫날의 설레는 새 출발
행복하다	저녁 노을을 바라보며 느끼는 고요한 감사
행복하다	공원 벤치에서 즐기는 잠시의 여유
행복하다	손편지를 통해 전해지는 따뜻한 마음
행복하다	가을 나무 아래 펼쳐진 황금빛 풍경
행복하다	고향의 추억을 불러일으키는 노래
행복하다	비 온 뒤 맑게 갠 하늘의 기적
행복하다	사랑하는 이와 걷는 밤거리의 불빛
행복하다	작은 선물 속에 담긴 큰 사랑
행복하다	오랫동안 기다린 꿈의 실현
행복하다	어려움을 함께 극복한 후의 달콤한 성취
행복하다	잠시 멈춰 서서 즐기는 삶의 순간들
행복하다	마음을 울리는 아름다운 시의 한 구절
행복하다	갓 나온 커피와 함께하는 아침의 여유
행복하다	소중한 사람과의 잊을 수 없는 순간
행복하다	비 내리는 창가에서 읽는 책의 잔잔함
행복하다	취미 생활에서 찾는 작은 행복
행복하다	새로운 시작을 알리는 봄의 기운
행복하다	집으로 돌아오는 길의 설렘
행복하다	아침에 깨우는 새소리의 평화
행복하다	매일의 작은 습관에서 찾는 만족
행복하다	해 질 녘 하늘에 펼쳐진 붉은 노을
행복하다	소박한 일상 속 숨겨진 기쁨
행복하다	가족과의 소중한 추억 만들기
행복하다	자연 속에서 느끼는 진정한 평안
행복하다	깊은 대화를 통한 마음의 연결
행복하다	잠든 아이의 평온한 숨결
수줍다	봄날 벚꽃 아래 숨은 수줍은 웃음
수줍다	손가락 끝의 살며시 닿는 온기
수줍다	부드러운 바람결에 흔들리는 어린 잎새의 미소
수줍다	흙을 뚫고 처음 세상과 마주하는 새싹
수줍다	달빛 아래 살며시 고개 숙인 연인의 속삭임
수줍다	첫 눈 내리는 아침의 조심스러운 발걸음
수줍다	초롱초롱한 별빛 아래 소곤대는 밤의 고백
수줍다	책상 위 편지 한 장의 떨리는 마음
수줍다	어린 아이의 첫 학교 가는 길의 설렘
수줍다	겨울 나무 가지 끝에 맺힌 첫 서리
수줍다	조용한 도서관 구석의 살짝 열린 책
수줍다	꽃잎 사이로 비치는 아침 햇살의 수줍음
수줍다	처음 만난 이와 나눈 눈맞춤의 떨림
수줍다	소리 없이 피어나는 야생화의 고요한 용기
수줍다	한적한 공원 벤치에 남겨진 새벽의 기도
수줍다	작은 소녀의 첫 리본을 매는 순간
수줍다	깊은 숲속 조그만 동물의 발자국
수줍다	햇빛에 반짝이는 이슬방울의 잠깐의 빛나음
수줍다	고개 숙여 인사하는 새벽의 이슬
수줍다	어둠을 밝히는 촛불의 살랑거림
수줍다	소곤거리는 하천의 물결 속 속삭임
수줍다	처음 입은 드레스의 어색한 자태
수줍다	조용히 고개 숙인 책갈피의 비밀
수줍다	새벽 공기를 가르는 첫 새소리
수줍다	새하얀 종이 위에 떨어진 첫 먹물방울
수줍다	마음속 깊이 숨겨진 비밀의 고백
수줍다	봄비에 씻긴 길가의 작은 꽃
수줍다	산책길에 조심스레 나란히 걷는 발걸음
수줍다	밤하늘을 바라보며 삼킨 말
수줍다	부끄러움에 붉어진 얼굴의 따뜻함
수줍다	눈 내리는 창가의 조용한 기다림
수줍다	고요한 아침을 깨우는 첫 커피
수줍다	살짝 열린 문틈으로 들어오는 빛
수줍다	조용한 호수 위를 떠도는 안개
수줍다	눈부신 햇살 아래 숨은 그늘의 시선
수줍다	새벽녘 꿈에서 막 깨어난 사색
수줍다	집 앞 작은 정원의 첫 꽃피기
수줍다	조심스레 내민 손의 따스한 기대
수줍다	서툴게 적힌 일기장의 첫 페이지
수줍다	달콤한 초콜릿처럼 숨겨진 미소
수줍다	조용한 바다에 비친 달빛의 춤
수줍다	마음 깊숙이 간직한 첫 사랑의 편지
수줍다	까만 밤하늘 아래 숨 죽인 별똥별
수줍다	살포시 열린 창문 틈새로 들어오는 바람의 속삭임
부끄럽다	감추려 해도 번지는 볼의 새빨간 물감
부끄럽다	볼이 불그스름한 저녁노을의 빛
부끄럽다	마주친 눈빛 속 순간의 심장 박동
부끄럽다	잔잔한 호수에 뜬 반달의 부드러운 고백
부끄럽다	얼굴을 스치는 봄바람의 부끄러운 속삭임
부끄럽다	잘못된 대답 후 교실의 조용한 침묵
부끄럽다	첫 사랑의 이름을 부르는 가슴 떨림
부끄럽다	실수를 인정하는 순간의 무거운 고백
부끄럽다	무대 위 첫 공연의 떨리는 발걸음
부끄럽다	뜻밖의 칭찬에 홍조 띤 얼굴
부끄럽다	깜짝 선물을 받고 당황한 미소
부끄럽다	소중한 사람 앞에서 더듬는 첫마디
부끄럽다	옛날 일기장에서 발견한 어린 시절의 비밀
부끄럽다	첫 만남에서 나눈 어색한 인사
부끄럽다	차마 못한 고백의 숨겨진 시
부끄럽다	거울 속에 비친 뜻밖의 모습
부끄럽다	잘린 머리카락에 작별을 고하는 시선
부끄럽다	실수로 흘린 물컵의 순간적인 정적
부끄럽다	첫 키스의 순간 느껴지는 설렘
부끄럽다	가족 앞에서의 떨리는 발표
부끄럽다	우연히 들린 칭찬의 감동적인 순간
부끄럽다	옛 친구와의 재회에서 느껴지는 긴장
부끄럽다	진심을 담아 쓴 편지의 마지막 줄
부끄럽다	아침에 깨달은 꿈속의 실수
부끄럽다	처음 입은 드레스의 어색한 포즈
부끄럽다	비밀을 들킨 순간의 당황
부끄럽다	처음으로 가르친 수업의 긴장된 마음
부끄럽다	공개적으로 사과하는 순간의 무게
부끄럽다	질문에 답할 때 떨리는 목소리
부끄럽다	자신의 작품을 처음 선보이는 순간
부끄럽다	첫 연주회에서의 긴장된 손놀림
부끄럽다	친구들 앞에서의 농담이 된 실수
부끄럽다	누군가에게 받은 뜻밖의 선물
부끄럽다	의외의 상황에서 드러난 순진한 반응
부끄럽다	노래방에서 마이크를 잡은 첫 순간
부끄럽다	비밀이 밝혀진 후의 조용한 순간
부끄럽다	낯선 이와의 첫 대화의 망설임
부끄럽다	예상치 못한 질문에 당황하는 순간
부끄럽다	첫 사랑의 편지를 다시 읽는 시간
부끄럽다	남몰래 준비한 서프라이즈의 기다림
부끄럽다	비가 오는 날 우산을 같이 쓰는 수줍음
부끄럽다	공연장 무대 뒤에서 느끼는 긴장감
부끄럽다	친구 앞에서 처음 시도하는 마술의 순간
부끄럽다	온 가족이 모인 자리에서의 소개
부끄럽다	갑작스러운 칭찬에 웃음 지으며 고개 숙이는 순간
쑥쓰럽다	바람에 흩날리는 첫눈처럼 서툰 인사
쑥쓰럽다	첫사랑의 편지처럼 어색한 손 글씨
쑥쓰럽다	갑작스런 칭찬에 얼어버린 미소
쑥쓰럽다	너에게 처음으로 보인 긴장된 미소
쑥쓰럽다	봄바람에 흩날리는 소녀의 벚꽃잎
쑥쓰럽다	새 신발을 신고 걷는 첫 걸음의 어색함
쑥쓰럽다	카메라 앞에서 떠오르지 않는 웃음
쑥쓰럽다	첫 발표의 떨리는 목소리와 빠른 심장박동
쑥쓰럽다	장난감 칼로 용기를 내는 어린 왕자의 모험
쑥쓰럽다	마술사의 실수로 웃음이 터진 조용한 방
쑥쓰럽다	새 학기 첫날, 이름을 부르는 선생님 앞의 긴장
쑥쓰럽다	감추려 했지만 드러난 실수 위의 홍조
쑥쓰럽다	첫 연애에서 보낸 서툰 키스의 기억
쑥쓰럽다	거울 앞에서 연습한 인사말의 떨림
쑥쓰럽다	생일파티 서프라이즈에 당황해 웃음 짓는 순간
쑥쓰럽다	첫 춤을 출 때의 어색한 발동작
쑥쓰럽다	누군가의 뜻밖의 방문에 어색해진 환대
쑥쓰럽다	무대 위 첫 연기에서 놓친 대사
쑥쓰럽다	친구들 앞에서 처음 시도하는 요리의 불안정함
쑥쓰럽다	신입사원의 첫 회의에서의 긴장된 표정
쑥쓰럽다	잘못된 버튼을 누른 후의 순간적인 고요
쑥쓰럽다	처음 입어본 정장의 어색한 포즈
쑥쓰럽다	고백 후 기다리는 답변의 길고 긴 침묵
쑥쓰럽다	새로운 이웃에게 보낸 첫 인사의 쑥스러움
쑥쓰럽다	모르는 춤곡이 나오고 발을 디딜 때의 당황
쑥쓰럽다	첫 사랑에게 전하는 말에 섞인 떨림
쑥쓰럽다	첫 번째 직장 면접의 버벅거림
쑥쓰럽다	소개팅 자리에서 나온 어색한 농담
쑥쓰럽다	비가 와서 급하게 챙긴 우산의 불편함
쑥쓰럽다	새로운 클럽에서의 첫 소개의 긴장
쑥쓰럽다	일상에서 벗어난 파티복 차림의 불안
쑥쓰럽다	첫 합창에서 나홀로 높아진 음의 실수
쑥쓰럽다	온 가족이 모인 자리에서의 실수된 말
쑥쓰럽다	낯선 사람과 엘리베이터에서의 긴 침묵
쑥쓰럽다	갑자기 마이크를 받고 말문이 막힌 순간
쑥쓰럽다	친구 앞에서 처음 시도한 마술의 실패
쑥쓰럽다	새로운 언어로 처음 인사하는 시도의 어색함
쑥쓰럽다	데이트에서 길을 잃었을 때의 당황
쑥쓰럽다	손님 앞에서 실수한 웨이터의 미안한 웃음
쑥쓰럽다	첫 자전거 타기에서의 불안정한 균형
쑥쓰럽다	선물 포장을 열다가 난처해진 순간
쑥쓰럽다	새로운 운동을 시도하며 겪는 어색한 동작
쑥쓰럽다	비 오는 날 빗속에서의 첫 키스의 서투름
쑥쓰럽다	깜짝 놀란 후의 얼굴에 번진 웃음
쑥쓰럽다	이사 첫날 이웃에게 전하는 쑥스러운 인사
민망하다	채워지지 않는 대화 속 길을 잃은 말들
민망하다	무대 위 잊혀진 대사의 떨림
민망하다	거울 앞에 선 벌거벗은 나무
민망하다	뜨거운 시선을 피하려는 그림자
민망하다	숨겨둔 일기장이 부모님 손에 들린 순간
민망하다	뒤틀린 입맛을 감추려는 억지 웃음
민망하다	친구들 앞에서 터진 실수의 순간
민망하다	말을 잇지 못하는 조용한 저녁 식탁
민망하다	공개된 비밀에 당황한 표정의 반영
민망하다	잘못 전달된 메시지의 불편한 침묵
민망하다	말하지 못한 고백의 무거운 마음
민망하다	끊어진 줄을 따라 흐르는 어색한 웃음
민망하다	잘못 착용한 옷의 색상 대조
민망하다	거짓말이 탄로 난 후의 당혹감
민망하다	첫 만남에서 나온 잘못된 인상의 기억
민망하다	회의실에서의 불시의 침묵
민망하다	오해를 불러일으킨 말의 후폭풍
민망하다	깨진 유리처럼 조심스러운 대화의 조각들
민망하다	어긋난 첫인상에 서린 오해의 그림자
민망하다	남의 일기를 읽은 듯한 부끄러움
민망하다	스포트라이트 아래 드러난 실수
민망하다	침묵 속에 메아리치는 잘못된 발언
민망하다	화면을 잘못 전환한 온라인 회의의 당황
민망하다	부적절한 농담에 얼어붙은 분위기
민망하다	기대에 미치지 못한 선물의 순간
민망하다	감춰왔던 비밀이 드러난 불편함
민망하다	식사 중 잘못된 매너의 눈길
민망하다	어색한 침묵을 깨는 헛기침
민망하다	잘못된 주문으로 인한 혼란
민망하다	옷차림에 대한 부적절한 평가
민망하다	마주친 눈빛 속 숨겨진 당황
민망하다	과거의 실수를 회상하는 불편한 기억
민망하다	기대와 다른 결과에 담긴 난감함
민망하다	실수로 누군가를 다치게 한 후의 죄책감
민망하다	잘못된 정보로 인한 곤란한 해명
민망하다	눈에 띄는 오타의 고립된 느낌
민망하다	예상치 못한 질문에 멈춘 대답
민망하다	갑작스런 침묵이 가져온 공허함
민망하다	부적절한 시간에 울린 전화의 당혹
민망하다	불쑥 나온 과거 이야기의 불편함
민망하다	잘못 들어선 방의 순간적인 당황
민망하다	무심코 던진 말의 파장
민망하다	급한 마음에 잘못 보낸 메시지
민망하다	남들 앞에서 불려진 별명의 부끄러움
민망하다	자리를 잘못 알고 앉은 극장의 혼란
슬프다	어둠을 밝히는 촛불의 마지막 눈물
슬프다	잊혀진 앨범 속 시간에 잠긴 웃음
슬프다	쓸쓸한 해변가 잊혀진 발자국의 이야기
슬프다	떠나간 이를 기다리는 창문 너머 풍경
슬프다	마음속 깊이 숨겨진 상처의 흔적
슬프다	빗방울에 녹아내린 어제의 기억들
슬프다	차가운 아침 이슬 위의 외로운 꽃
슬프다	잠들지 못하는 밤의 끝없는 회전목마
슬프다	닫힌 문 너머 조용한 방의 고독
슬프다	가을 바람에 흩날리는 추억의 잎새
슬프다	버려진 공원의 녹슨 그네의 속삭임
슬프다	깊은 숲의 막다른 길, 잃어버린 희망
슬프다	불꽃처럼 사그라진 열정의 재
슬프다	서랍 속 숨겨진 편지의 미완성된 고백
슬프다	한 조각의 초콜릿처럼 녹아버린 마음
슬프다	고장 난 시계, 멈춰버린 시간 속 순간
슬프다	노래하는 바람, 잊혀진 노랫말의 운명
슬프다	스쳐 지나간 바람의 잔상, 허무한 마음
슬프다	작별 인사 없는 이별의 플랫폼
슬프다	조용한 도서관의 책갈피 속 잊힌 이야기
슬프다	캄캄한 밤하늘, 잃어버린 별의 빛
슬프다	먼지 쌓인 기타, 연주되지 못한 멜로디
슬프다	눈물로 쓴 일기장의 마지막 페이지
슬프다	한숨과 함께 흩어진 꿈의 조각들
슬프다	홀로 남겨진 벤치, 기다림의 종말
슬프다	잠 못 드는 새벽, 뒤척이는 기억
슬프다	닫힌 문 너머의 무응답, 침묵의 무게
슬프다	빗속을 걷는 쓸쓸한 영혼의 발걸음
슬프다	낙서처럼 흩어진 기억 속의 얼굴들
슬프다	사라진 미소 뒤 숨겨진 눈물의 강
슬프다	황혼의 바다, 잊혀진 약속의 섬
슬프다	무대 뒤편 숨겨진 눈물의 이유
슬프다	달빛 아래 흐느끼는 그늘의 소리
슬프다	갈라진 입술 위의 미소, 깊은 아픔
슬프다	눈물에 얼룩진 기타 줄의 울림
슬프다	잠들어버린 도시, 깨어나지 못한 꿈
슬프다	어린 시절 추억이 담긴 빛바랜 사진
슬프다	마음의 창을 두드리는 비의 속삭임
슬프다	눈물 속에 반짝이는 슬픔의 조각들
슬프다	눈물에 젖은 구겨진 사진 한 장
슬프다	가을 하늘에 흩어진 마지막 낙엽
슬프다	추운 겨울 밤 빛을 잃고 흐려진 별
슬프다	고요한 밤 별빛 아래 흐르는 눈물
서럽다	잠 못 이루는 밤, 혼자만의 서글픈 소리
서럽다	멈춰버린 시계 속 마지막으로 남은 바램
서럽다	빗물에 흐려진 창, 그리움에 젖은 눈동자
서럽다	흘러가는 강물처럼 끝나지 않는 그리움의 행렬
서럽다	조용히 꺼져가는 촛불 같은 마음의 아픔
서럽다	가을 바람에 날리는 낙엽처럼 흩어진 꿈
서럽다	어둠 속에서 빛나던 별 하나의 소멸
서럽다	허공을 맴도는 외로운 나비의 절규
서럽다	깊은 숲속, 잊혀진 이름 없는 묘비
서럽다	쓸쓸한 저녁 노을에 묻힌 이별의 순간
서럽다	비틀거리는 발걸음, 잃어버린 시간의 무게
서럽다	삶의 무대 뒤, 감춰진 눈물의 잔상
서럽다	붉은 태양이 지며 남긴 어스름한 슬픔
서럽다	흩어진 꽃잎 사이, 서러운 이야기의 조각들
서럽다	소리 없이 가라앉는 돌, 물속의 외로움
서럽다	겨울 숲 속 쓸쓸히 울리는 바람의 노래
서럽다	불 꺼진 창가, 남겨진 기다림의 그림자
서럽다	먼 곳을 바라보는 쓸쓸한 등대의 눈물
서럽다	바람에 흩어지는 편지, 도달하지 못한 마음
서럽다	이슬에 젖은 아침, 말 못 할 슬픔
서럽다	적막한 밤하늘 아래 외로운 달의 신음
서럽다	떠나간 이의 뒷모습, 멈출 수 없는 그리움
서럽다	서툴게 쓰여진 편지, 전하지 못한 진심
서럽다	깊은 밤, 들리는 건반 위의 눈물
서럽다	분홍색 하늘 아래 흘러가는 시간의 아픔
서럽다	손끝에서 사라지는 온기, 마지막 작별의 순간
서럽다	잠시 멈춘 노래, 잊혀진 기억의 조각
서럽다	빈 방, 고요히 울리는 시계의 눈물
서럽다	거리마다 남겨진 발자국, 서러움을 담은 이별
서럽다	새벽녘, 빛을 잃어가는 별빛의 속삭임
서럽다	짙어지는 안개 속, 헤매는 마음의 그림자
서럽다	떨어지는 빗방울, 마음속 깊은 슬픔의 울림
서럽다	사라져가는 무지개, 끝나지 않을 약속의 허무
서럽다	무거운 침묵 속, 조용히 터져 나오는 아픔
서럽다	진한 커피 잔에 비친, 혼자만의 슬픈 시간
서럽다	차가운 바람 속, 흩어지는 생각의 조각들
서럽다	저무는 해변가, 쓸쓸함을 머금은 파도의 속삭임
서럽다	한 줄기 빛을 따라가는, 그림자의 외로운 여정
서럽다	찬란했던 꽃이 지는 시간의 아픔
서럽다	얼어붙은 기대 속 서러운 외침
서럽다	차가운 벽에 기대어 흐느끼는 그림자
서럽다	가슴 깊은 곳에 숨겨진 울음의 메아리
서럽다	어스름한 새벽, 잠들지 못하는 별의 눈물
속상하다	꿈이 흩어지는 가을의 마지막 잎새
속상하다	소망이 사라져가는 먼지 쌓인 책장
속상하다	기대가 깨어지는 얼음 위의 얇은 균열
속상하다	행복이 녹아내리는 초저녁의 노을
속상하다	약속이 무너지는 거미줄 낀 구석
속상하다	소리 없는 외침의 메아리치는 울림
속상하다	눈물이 마르는 겨울밤의 별빛
속상하다	웃음이 사라진 잔잔한 호수의 물결
속상하다	추억이 묻히는 먼지 쌓인 앨범
속상하다	기쁨이 사라지는 짙은 안개 속
속상하다	마음의 문이 닫히는 쓸쓸한 정적
속상하다	시간이 멈춘 듯한 길었던 대기
속상하다	희망이 서서히 사라지는 저녁 노을
속상하다	감정의 파도가 부서지는 해변
속상하다	인연이 끊어지는 가느다란 실의 끝
속상하다	소통의 다리가 무너지는 순간
속상하다	실망이 쌓이는 높은 벽
속상하다	기다림이 지쳐가는 끝없는 복도
속상하다	우정의 불꽃이 꺼지는 저녁 이슬
속상하다	마음의 꽃이 시들어가는 순간
속상하다	미소 뒤에 숨긴 아픔의 깊이
속상하다	손길이 닿지 않는 먼 거리
속상하다	환희가 사그라드는 차가운 재
속상하다	투명한 눈물의 반짝이는 빛
속상하다	즐거움이 사라지는 잊혀진 노래
속상하다	소망의 끈이 끊어지는 순간
속상하다	신뢰가 깨지는 얇은 얼음판
속상하다	공허함이 울리는 깊은 동굴
속상하다	상처만 남는 조용한 폭풍
속상하다	기쁨이 스러지는 불꽃놀이의 끝
속상하다	사랑의 빛이 바래가는 저녁 하늘
속상하다	진실이 가려지는 뿌연 안개
속상하다	소중함이 멀어지는 뒷모습
속상하다	미래의 문이 닫히는 순간
속상하다	존재의 의미를 잃는 침묵
속상하다	영혼이 지치는 무거운 발걸음
속상하다	자신감이 사라지는 길 잃은 나침반
속상하다	의지가 부서지는 얼음장 같은 말
속상하다	믿음이 흔들리는 위태로운 다리
속상하다	환상이 깨어지는 거울 속의 비침
속상하다	우정이 멀어지는 긴 터널 속
속상하다	마음을 파고드는 쓸쓸한 바람
속상하다	밝은 미소 뒤 숨겨진 깊은 한숨
속상하다	무거운 하늘 아래 짙은 먹구름
속상하다	잠들지 못하는 밤의 긴 그림자
우울하다	깊은 바다의 침묵하는 파도
우울하다	잊혀진 공원의 쓸쓸한 벤치
우울하다	끝없는 터널 속의 어스름
우울하다	꺼져가는 불빛 아래 외로운 그림자
우울하다	깊은 밤을 수놓는 별빛의 부재
우울하다	먼지 쌓인 사진 속 미소의 잔상
우울하다	막막한 도로 위의 끝없는 여정
우울하다	버려진 집의 무너진 벽돌
우울하다	삶의 무게에 꺾인 어깨
우울하다	무표정한 거울 속 깊은 눈동자
우울하다	텅 빈 방의 고요한 대화
우울하다	환상의 파편 속 잃어버린 희망
우울하다	숨겨진 상처 위의 투명한 눈물
우울하다	잠 못 드는 밤의 긴 한숨
우울하다	멈춰버린 시계의 잊혀진 시간
우울하다	가라앉는 태양 뒤의 어두운 그림자
우울하다	바람에 흩어진 편지의 미완성 문장
우울하다	적막한 밤하늘의 외로운 달
우울하다	차가운 바닷물에 씻긴 발자국
우울하다	깨어진 꿈의 조각들
우울하다	어둠을 헤매는 촛불의 불안정
우울하다	긴 복도 끝의 닫힌 문
우울하다	황혼에 물든 하늘의 눈물
우울하다	세상의 끝에서 울리는 고독의 노래
우울하다	잃어버린 시간 속의 쓸쓸한 회상
우울하다	깊은 우물 속의 메아리 없는 외침
우울하다	회색 도시의 무색한 풍경
우울하다	가시밭길 위의 외로운 여행자
우울하다	창백한 달빛 아래 숨죽인 속삭임
우울하다	흘러간 추억의 먼지 쌓인 앨범
우울하다	무너진 꿈의 잔해 위에 서 있는 나
우울하다	소멸하는 별빛 같은 희미한 웃음
우울하다	차가운 아스팔트에 남겨진 눈물의 자국
우울하다	짙은 안개 속 잃어버린 길
우울하다	빗물에 씻긴 도시의 흐릿한 반영
우울하다	꿈틀대는 고독 속 잠 못 이루는 밤
우울하다	어둠 속에서 빛나는 눈물의 진주
우울하다	슬픔에 젖은 쓸쓸한 밤의 정적
우울하다	소리 없이 흐르는 눈물 속 숨겨진 아픔
우울하다	마음 속 깊은 곳의 어두운 그림자
우울하다	먹구름이 가득한 내 마음의 하늘
우울하다	비어있는 거리의 잊혀진 발자국
그립다	당신과 나눈 마지막 인사의 울림
그립다	빈자리만큼 커져가는 당신의 그림자
그립다	허공에 맴도는 우리의 어제의 웃음
그립다	가슴 속 깊이 새겨진 첫 눈의 포옹
그립다	낙엽 지는 소리처럼 슬픈 이별의 멜로디
그립다	잊혀진 연인의 편지 속 숨겨진 약속
그립다	가을 하늘 아래 잊을 수 없는 속삭임
그립다	먼 바다에 떠난 사랑의 배경화면
그립다	어둠을 밝히는 달빛 아래의 고백
그립다	서랍 속에 간직된 마지막 여행의 사진
그립다	쓸쓸한 겨울밤, 불러오는 그대의 이름
그립다	조용히 흘러가는 강물 같은 시간의 흔적
그립다	언제나 마음 한켠에 자리잡은 그리움의 노래
그립다	눈물로 적신 베개 속 깊은 한숨
그립다	끝나지 않은 이야기처럼 남은 사랑의 잔상
그립다	꿈속에서조차 찾아 헤매는 너의 미소
그립다	고요한 밤, 혼자 속삭이는 너의 이름
그립다	옛 사랑의 노래가 되살아나는 순간
그립다	빈 방, 그대를 부르는 적막의 소리
그립다	흘러가는 구름에 실린 미완의 이별
그립다	달빛 아래 재회를 꿈꾸는 그리움의 그림자
그립다	파도가 되어 돌아오는 기억 속의 너
그립다	차가운 바람에 실린 옛 사랑의 기억
그립다	가슴을 울리는 당신의 미소 한 조각
그립다	봄바람에 흩날리는 잊혀진 연인의 향기
그립다	창밖을 바라보며 속삭이는 너의 이름
그립다	흐린 하늘 아래 잃어버린 추억의 조각
그립다	꽃잎이 지는 소리처럼 애절한 그리움
그립다	마음을 파고드는 당신의 눈빛 한 줄기
그립다	밤하늘 별처럼 반짝이는 너의 기억
그립다	가을 바람에 날리는 우리의 추억
그립다	홀로 남겨진 밤, 너를 부르는 심장소리
그립다	이별 후에도 변치 않는 사랑의 무게
그립다	소리 없이 흐르는 눈물 속 그리움
그립다	빛나던 순간 속 영원히 기억될 너
그립다	다가오는 봄, 너를 기다리는 마음
그립다	멀어지는 발걸음 뒤에 남은 사랑의 그림자
그립다	조용히 내리는 눈처럼 슬픈 이별의 노래
그립다	어스름한 저녁, 당신을 그리는 시간의 풍경
그립다	비오는 창가에 그려진 그리움의 스케치
그립다	그대의 향기가 배인 오래된 일기장
그립다	잃어버린 별빛아래 잠들지 못하는 밤
그립다	추억 속으로 사라진 첫사랑의 미소
그립다	다시 느끼고 싶은 너와의 지난 여름날
공허하다	깊은 밤하늘의 마지막 별빛 소멸
공허하다	가을 거리를 휩쓸고 간 낙엽의 군무
공허하다	어느 늦가을 잔디밭의 마른 잎사귀 소리
공허하다	사라진 메아리만 남긴 오래된 우물 속 고요
공허하다	마지막 장을 넘긴 후의 오래된 책 향기
공허하다	빗방울 떨어진 후의 텅 빈 거리 음악
공허하다	손끝에서 스러지는 마지막 가을 낙엽의 춤
공허하다	흘러간 시간 속 잊혀진 소리의 메아리
공허하다	달빛조차 잃어버린 밤의 숲 속 침묵
공허하다	흩어진 파도 뒤의 모래사장 위 적막
공허하다	불 꺼진 창가에 비친 나의 그림자 유영
공허하다	떨어진 별 하나, 깊은 우주의 고독함
공허하다	빈 깡통을 굴리는 바람의 무대 뒤편
공허하다	오래된 서랍 속 잊혀진 편지의 숨결
공허하다	캄캄한 밤을 거니는 마지막 초승달 빛
공허하다	조용히 닫힌 문 뒤의 텅 빈 회랑
공허하다	빛나던 별도 잊은 새벽 하늘의 무대
공허하다	홀로 남겨진 나무의 마지막 잎새 하강
공허하다	짙은 안개 속 잃어버린 길의 끝
공허하다	빗소리에 쓸려가는 창문 너머의 세계
공허하다	빛 하나 없는 심연의 바닥 없는 우물
공허하다	어둠을 헤치는 외로운 등대의 불빛 소멸
공허하다	무대를 잃어버린 마지막 연극의 막 하강
공허하다	쓸쓸한 바람이 불어오는 폐허의 춤
공허하다	깊은 숲 속 잊힌 오두막의 침묵
공허하다	황혼 빛 아래 텅 빈 벤치의 기다림
공허하다	거리를 가로지르는 잊혀진 그림자의 여정
공허하다	어스름에 감싸인 빈 항아리의 울림
공허하다	비어버린 하늘 아래 마지막 꽃잎 낙하
공허하다	지워진 발자국 뒤의 잔잔한 모래사장
공허하다	쓸쓸함을 머금은 낡은 다리 위 정적
공허하다	서늘한 바람이 스치는 빈 마을 광장
공허하다	깊은 밤을 누비는 적막한 별의 행진
공허하다	꺼진 불빛 아래 남겨진 촛불의 흔적
공허하다	떠나간 사람들의 공허한 방의 먼지
공허하다	끝없는 들판 위 홀로 남겨진 나무의 외로움
공허하다	흘러간 노래가 남긴 공연장의 고요
공허하다	소리 없이 지나간 바람의 길 위 무명
공허하다	어둠이 내린 후 더욱 깊어진 호수의 침묵
공허하다	시간이 멈춘 듯한 버려진 시계 탑
공허하다	바람만이 머무는 버려진 집의 적막
공허하다	잊혀진 공원의 빈 벤치 위 적막함
공허하다	텅 빈 내 마음이 메아리치는 산골짜기
공허하다	서서히 파도에 쓸려간 모래성
외롭다	새벽 거리의 마지막 가로등 불빛
외롭다	폐허가 된 도시의 마지막 생존자
외롭다	적막한 해변의 외로운 조개껍데기
외롭다	어둠 속에서 울리는 외로운 개울물
외롭다	긴 겨울밤을 홀로 지새우는 달빛
외롭다	비어있는 공원 벤치의 외로운 그림자
외롭다	잠들어 버린 세상의 마지막 노래
외롭다	깊은 숲속의 마지막 남은 나무
외롭다	잊혀진 도로의 외로운 가로등
외롭다	쓸쓸한 해질녘의 마지막 새소리
외롭다	깊은 밤의 외로운 달빛 아래
외롭다	버려진 집의 마지막 남은 그림
외롭다	눈 내리는 밤의 외로운 발자국
외롭다	바다 한가운데의 외로운 등대
외롭다	시간이 멈춘 듯한 오래된 시계
외롭다	마음 한 구석의 외로운 비명
외롭다	책상 한켠에 놓인 낡은 일기장
외롭다	빈 극장의 마지막 남은 좌석
외롭다	가을 하늘을 날아가는 외로운 까마귀
외롭다	창가에 기대어 우는 외로운 식물
외롭다	밤을 홀로 지키는 작은 촛불
외롭다	광장을 가로지르는 외로운 발걸음
외롭다	어둠 속을 헤매는 외로운 빛
외롭다	새벽의 해변을 걷는 외로운 발자국
외롭다	길 잃은 별 하나 빛나는 밤
외롭다	빈자리를 바라보는 외로운 눈빛
외롭다	언덕 위의 외로운 풍경화
외롭다	삶의 무대에서 홀로 춤추는 그림자
외롭다	적막한 도서관의 마지막 독자
외롭다	가을 길을 홀로 걷는 낙엽
외롭다	공허한 방에 울리는 외로운 시계소리
외롭다	텅 빈 학교의 외로운 운동장
외롭다	오래된 사진 속 홀로 웃는 얼굴
외롭다	어두운 밤하늘의 외로운 별 하나
외롭다	차가운 겨울 바람 속 외로운 나뭇가지
외롭다	무대 위의 마지막 남은 조명
외롭다	깊은 산속 외로운 오두막
외롭다	빗속을 홀로 걷는 외로운 그림자
외롭다	깊은 바다 속 외로운 물고기 한 마리
외롭다	고요한 밤의 외로운 달빛 아래
외롭다	가로등 불빛 아래 홀로 선 그림자
외롭다	무인도에 남겨진 발자국 하나
외롭다	광활한 사막을 혼자 걷는 선인장
외롭다	가을 바람에 홀로 흩낱리는 낙엽
외롭다	밤하늘을 가로지르는 외로운 별빛
후회스럽다	석양 빛에 물든 기회의 끝자락
후회스럽다	차가운 바람에 흩어진 결정의 조각들
후회스럽다	깨진 거울 속 반영된 선택의 파편
후회스럽다	무거운 그림자 아래 잠긴 후회의 순간
후회스럽다	망설임 끝에 남겨진 기회의 잔재
후회스럽다	쏟아진 비 속에 씻기지 않는 과오의 얼룩
후회스럽다	밤하늘에 반짝이는 놓친 순간의 별빛
후회스럽다	무심코 놓친 말 속 숨겨진 진실의 무게
후회스럽다	꿈에서 깨어나 못 잡은 기회의 실루엣
후회스럽다	흘러간 노래 가사에 남은 울림의 여운
후회스럽다	끝나지 않는 메아리 속 미안함의 고백
후회스럽다	닫힌 문 너머 미처 돌아보지 못한 풍경
후회스럽다	불어난 강물에 쓸려간 미련의 편지
후회스럽다	어둠 속에서 더듬는 미완성의 꿈
후회스럽다	빛바랜 사진 속 잊혀진 약속의 장면
후회스럽다	잠 못 이루는 밤의 고독한 고백
후회스럽다	쓰러진 나뭇잎 사이 묻힌 후회의 숨결
후회스럽다	가을 바람에 흩날린 기회의 마지막 잎새
후회스럽다	간직한 추억 속 잃어버린 시간의 향기
후회스럽다	새벽녘 하늘에 희미한 미련의 별
후회스럽다	녹슨 시계 속 멈춘 순간의 심장박동
후회스럽다	버려진 길가에 피어난 미련의 꽃
후회스럽다	찢어진 일기장에서 새어 나온 후회의 노래
후회스럽다	흘러간 계절에 묻힌 미처 피우지 못한 꽃
후회스럽다	깊은 밤에 울리는 미련의 종소리
후회스럽다	놓쳐버린 순간 뒤의 텅 빈 공간
후회스럽다	까맣게 잊혀진 기억 속 숨겨진 진실의 그림자
후회스럽다	고요한 호수에 비친 미완의 자화상
후회스럽다	흩어진 퍼즐 조각 속 미처 맞추지 못한 꿈
후회스럽다	스쳐간 바람에 남긴 미련의 흔적
후회스럽다	마지막 잎새가 떨어진 후의 적막한 정원
후회스럽다	버려진 연못에 비친 후회의 그림자
후회스럽다	깨진 유리병 속 담긴 미처 전하지 못한 마음
후회스럽다	끝나지 않는 길의 먼지 속 잊힌 발자국
후회스럽다	묻혀진 시간 속 깨달음의 씨앗
후회스럽다	불가능한 소망 속 미련의 별자리
후회스럽다	얼룩진 캔버스 위 미완성의 꿈
후회스럽다	흐린 거울 속 퇴색된 기억의 윤곽
후회스럽다	잃어버린 편지 속 미처 전하지 못한 사랑의 말
후회스럽다	가슴 속에 파묻힌 미안함의 돌
후회스럽다	뒤늦은 후회 속에 파묻힌 시간의 모래알
후회스럽다	잊혀진 노래 속에 숨겨진 미련의 음표
후회스럽다	떠나간 시간 속 미처 하지 못한 말
후회스럽다	지워지지 않는 잉크로 쓰인 후회의 편지
후회스럽다	마음 한 켠에 남은 미련의 페이지
두렵다	어둠 속에서 조용히 기다리는 공포의 눈동자
두렵다	벼랑 끝에 선, 숨 막히는 공포의 순간
두렵다	마음속 깊이 파고드는 두려움의 손길
두렵다	차가운 바람에 흩날리는 불안의 조각들
두렵다	고요한 밤, 깨어나는 두려움의 그림자
두렵다	폭풍우 치는 밤의 불안정한 피난처
두렵다	적막한 공터에서 울리는 외로움의 메아리
두렵다	무너지는 꿈속에서 떠오르는 절망의 유령
두렵다	심연의 가장자리에서 속삭이는 공포의 목소리
두렵다	눈을 감아도 쫓아오는 두려움의 그림자
두렵다	한밤중의 적막 속에 울려퍼지는 불안의 소리
두렵다	길 잃은 영혼처럼 방황하는 두려움의 실체
두렵다	깊은 바다의 어둠 속을 유영하는 공포
두렵다	창백한 달빛 아래 떨리는 두려움의 심장
두렵다	이불 속에서도 찾아오는 불안의 손길
두렵다	불확실한 미래 앞에 서 있는 두려움
두렵다	초라한 불빛 아래 숨죽인 불안의 그림자
두렵다	쓸쓸한 해질녘, 깊어가는 고독의 무게
두렵다	망설임 끝에 맞닥뜨린 결정의 순간
두렵다	추운 겨울밤, 어둠 속을 헤매는 공포
두렵다	불안의 강을 건너는 흔들리는 다리
두렵다	조용한 밤하늘 아래 울부짖는 두려움
두렵다	꿈에서 깨어나도 떠나지 않는 공포의 잔상
두렵다	잠 못 이루는 밤, 고독의 심연
두렵다	무너진 성벽 너머로 다가오는 위협의 그림자
두렵다	삶의 터널 속 어둠을 헤치는 두려움
두렵다	옛 추억 속에 숨어있는 불안의 귀신
두렵다	고요한 물가에 비친 불안의 미소
두렵다	어린 시절 꿈꾸던 악몽의 재현
두렵다	새벽의 정적 속에 깊어가는 고독의 감정
두렵다	흐릿한 기억 속에 맴도는 두려움의 그림자
두렵다	가슴 속 깊은 곳에 자리 잡은 불안의 존재
두렵다	폭풍전야의 침묵, 점점 커지는 두려움
두렵다	무대 위에 홀로 선, 조명 아래의 공포
두렵다	어둠 속에서 맴도는 불안의 유령
두렵다	침대 밑을 기어다니는 어린 시절의 공포
두렵다	가슴을 조이는 불안의 체인
두렵다	빛 하나 없는 밤, 불안의 숲속을 걷다
두렵다	삶의 막다른 길에서 마주친 절망의 벽
두렵다	시계의 초침 소리에 숨죽이는 두려움의 심장
두렵다	뒤틀린 현실 속에서 꿈틀대는 불안의 그림자
두렵다	무거운 침묵 속에 파묻힌 두려움의 씨앗
두렵다	불안의 바다에서 표류하는 작은 배
두렵다	숲 속 깊은 곳에 숨어있는 악의 그림자
두렵다	깊은 밤 무거운 구름 뒤에 숨은 달
불안하다	휘파람 불며 다가오는 폭풍의 전조
불안하다	바람에 흔들리는 높은 나무의 가지
불안하다	어둠 속에서 길을 잃은 빛의 깜빡임
불안하다	끝없는 바다 위의 표류하는 작은 배
불안하다	깊은 밤 하늘의 외로운 별빛
불안하다	손끝에서 스며나오는 차가운 땀방울
불안하다	먼 곳을 바라보는 불안정한 시선
불안하다	조용한 방에서 울리는 시계의 째깍거림
불안하다	꿈속에서 떨어지는 끝없는 추락
불안하다	캄캄한 밤의 길 잃은 별똥별
불안하다	쉽게 꺼져버릴 듯한 어둠 속 촛불
불안하다	마음속 깊은 곳의 심해 어둠
불안하다	갑자기 끊어진 전화의 침묵
불안하다	불안한 마음을 삼키는 깊은 한숨
불안하다	차가운 바람에 흩어지는 낙엽 한 잎
불안하다	깊은 어둠 속에서 울리는 외로운 울음
불안하다	먹구름 사이로 비치는 불확실한 햇살
불안하다	고요한 밤을 깨우는 돌연한 두드림
불안하다	끊임없이 변하는 바다의 조류
불안하다	거센 바람에 흔들리는 불안한 꽃잎
불안하다	모래 위에 쓴 글자처럼 사라지는 약속
불안하다	가늘게 떨리는 손끝의 예민한 감각
불안하다	무거운 구름 아래의 불안한 정적
불안하다	빠르게 변하는 하늘의 불안한 색깔
불안하다	고장 난 시계의 불규칙한 초침
불안하다	어린 아이의 불안정한 첫 걸음
불안하다	간신히 매달린 나뭇가지의 위태로운 안식
불안하다	가까워지는 번개의 불안한 전조
불안하다	깊은 바다 속의 헤매는 물고기
불안하다	밤하늘을 가로지르는 불안한 유성
불안하다	살금살금 다가오는 그림자의 속삭임
불안하다	마음 깊은 곳의 불안한 울림
불안하다	강물에 비친 불안한 달빛
불안하다	세상의 끝처럼 다가오는 고독
불안하다	숨을 죽인 채 기다리는 폭풍의 침묵
불안하다	깊은 숲 속의 불안한 심장박동
불안하다	거울 속의 불안정한 반영
불안하다	눈앞을 가리는 안개의 불투명함
불안하다	잔잔한 호수의 깊은 곳 숨은 불안
불안하다	느린 호흡 속에 숨겨진 불안의 떨림
불안하다	표류하는 배처럼 방향을 잃은 나침반
불안하다	흔들리는 땅 위의 불안정한 발걸음
불안하다	허공을 나는 새의 불안한 날갯짓
불안하다	어두운 숲 속의 길 잃은 나그네
불안하다	어린 새끼를 찾는 어미 새의 눈빛
초조하다	바람에 흔들리는 불안정한 촛불
초조하다	기다림 속에 깊어가는 무거운 침묵
초조하다	끝없는 회전목마 위의 어지러운 생각
초조하다	한 조각의 낙엽처럼 흔들리는 마음
초조하다	불안의 물결 속에서 허우적대는 호흡
초조하다	무대 위의 첫 발걸음과 같은 긴장
초조하다	밤하늘의 별처럼 깜박이는 눈빛
초조하다	깊은 바다에 던져진 작은 돌멩이
초조하다	공허한 방안을 메우는 불안한 에코
초조하다	잔잔한 호수에 떨어진 작은 파동
초조하다	길을 기다리는 이의 초조한 시선
초조하다	기대와 두려움 사이의 얇은 경계
초조하다	시험지를 앞에 둔 학생의 떨림
초조하다	조용한 밤, 적막을 깨는 숨소리
초조하다	망설임에 빠진 한 걸음의 머뭇거림
초조하다	어두운 터널 끝의 불확실한 빛
초조하다	짙은 안개 속에서 길을 잃은 나그네
초조하다	눈앞의 미로에서 헤매는 불안한 마음
초조하다	마감시간 직전의 급박한 키보드 소리
초조하다	불확실한 미래를 향한 두려운 발걸음
초조하다	첫인사를 앞둔 떨리는 마음
초조하다	빗방울 사이로 떨어지는 초조한 눈물
초조하다	기차역에서의 끝없는 기다림과 초조함
초조하다	먼 여행길 시작의 무거운 발자국
초조하다	늦은 밤 전화기 앞의 긴장된 기다림
초조하다	대화의 침묵 속에 깊어지는 고민
초조하다	절벽 끝에 선 새의 첫 날갯짓
초조하다	심해의 어둠 속을 헤매는 빛
초조하다	무거운 문을 열기 전의 망설임
초조하다	결정의 순간, 심장의 빠른 뛰임
초조하다	영화의 결말을 기다리는 초조한 기대
초조하다	잔잔한 바다에 소용돌이치는 내면의 폭풍
초조하다	고요한 새벽, 거리의 외로운 발걸음
초조하다	산타클로스를 기다리는 어린이의 초조한 밤
초조하다	면접 전, 거울 앞의 긴장된 눈빛
초조하다	약속 장소에서 혼자 기다리는 초조함
초조하다	마지막 답을 찾기 위한 절박한 시선
초조하다	먼바다를 바라보며 느끼는 서글픈 그리움
초조하다	새벽녘 꿈에서 깨어난 후의 혼란
초조하다	고장 난 시계 앞의 무의미한 기다림
초조하다	마음속 타는 불길의 불안한 불꽃
초조하다	시계 소리에 맞춰 뛰는 초조한 심장
초조하다	길 잃은 어린 아이의 초조한 발걸음
초조하다	먼 곳에서 들려오는 불확실한 발소리
초조하다	숨 막히는 정적 속의 심장 박동
혼란스럽다	어둠 속에서 춤추는 혼란의 그림자
혼란스럽다	꿈과 현실이 섞인 혼돈의 경계
혼란스럽다	잃어버린 시간 속 얽힌 기억들
혼란스럽다	무너진 책장 위 엉망진창의 서적들
혼란스럽다	거미줄에 걸린 생각의 미로
혼란스럽다	끝없이 펼쳐진 감정의 사막
혼란스럽다	별빛 아래 헤매는 영혼의 숲
혼란스럽다	차가운 겨울바람 속 흩날리는 마음의 눈송이
혼란스럽다	숨겨진 비밀들의 무거운 짐
혼란스럽다	분노와 슬픔의 폭발하는 화산
혼란스럽다	낡은 지도 위 잊혀진 길들
혼란스럽다	바늘구멍을 통과하는 끝없는 실마리
혼란스럽다	책상 위 흩어진 미해결의 퍼즐
혼란스럽다	시간의 흐름에 쓸려가는 기억의 파편
혼란스럽다	감정의 폭풍이 몰아치는 심해
혼란스럽다	무대 위 혼돈의 춤을 추는 마음
혼란스럽다	회색 도시 속 잃어버린 색감들
혼란스럽다	깊은 밤을 가로지르는 혼란의 소리
혼란스럽다	차갑게 식어버린 감정의 잔해
혼란스럽다	펼쳐진 캔버스 위 무질서한 색채의 축제
혼란스럽다	교차하는 길목에서 망설이는 선택들
혼란스럽다	꿈틀대는 기억 속의 혼돈된 그림자
혼란스럽다	빛과 어둠이 뒤엉킨 새벽의 경계
혼란스럽다	집결지를 잃은 생각들의 떼거지
혼란스럽다	야생화처럼 피어나는 마음 속 혼란
혼란스럽다	끝나지 않는 회전목마 위의 감정
혼란스럽다	흐트러진 노트 위 낙서된 꿈들
혼란스럽다	바람에 휩쓸린 생각의 잎사귀
혼란스럽다	파도에 쓸려나간 기억의 조각들
혼란스럽다	빗방울에 섞인 눈물의 강
혼란스럽다	무대 뒤 혼란의 대기실
혼란스럽다	마음의 창문을 두드리는 비의 리듬
혼란스럽다	잠에서 깨어난 혼돈의 새벽
혼란스럽다	거울 앞에서 흐릿해진 자아의 반영
혼란스럽다	회오리치는 감정 속 숨겨진 진실
혼란스럽다	망각의 강을 건너는 기억의 나루터
혼란스럽다	쓰러진 담벼락 너머 혼돈의 정원
혼란스럽다	무거운 안개 속 길을 잃은 생각
혼란스럽다	역광 속에서 번지는 마음의 윤곽
혼란스럽다	무질서한 생각들의 무한한 소용돌이
혼란스럽다	폭풍우치는 바다 위 방향을 잃은 나룻배
혼란스럽다	장난감 상자 속 뒤엉킨 인형들
혼란스럽다	여러 감정이 뒤섞인 마음의 파도
혼란스럽다	어두운 숲 속에서 길을 잃은 나의 마음
밉다	잔디밭 위의 튀어나온 못뚜껑
밉다	정원에 불청객처럼 자라난 가시덤불
밉다	식탁 위 불청결한 흔적의 얼룩
밉다	거울 속 왜곡된 반영의 그림자
밉다	담벼락에 버젓이 낙서된 무례의 흔적
밉다	조화를 깨트린 색깔의 불협화음
밉다	밤하늘을 가로지르는 인공위성의 불빛
밉다	목소리에 비친 거슬리는 톤의 날카로움
밉다	선율을 해치는 악기의 불협화음
밉다	화려한 파티의 구석진 외로움의 그림자
밉다	순간을 망친 불시의 방해자
밉다	균형을 잃은 조형물의 기울어진 자태
밉다	눈부심을 깨트리는 창문의 반사광
밉다	풍경을 해치는 산업지대의 연기
밉다	심미적 조화를 무너뜨린 현수막의 난입
밉다	단정한 줄기 사이 비집고 든 잡초
밉다	기대를 저버린 결과의 실망
밉다	조용한 도서관의 질서를 깬 소음
밉다	화합의 순간을 깨뜨린 이질적인 의견
밉다	깔끔한 풍경에 던져진 쓰레기의 점령
밉다	평온을 깨는 드론의 윙윙거림
밉다	우아함을 방해하는 거친 손짓
밉다	장식의 조화를 해치는 색의 충돌
밉다	꿈틀대는 불편함의 기운
밉다	무대 위 조화를 깨는 불필요한 소품
밉다	조용한 아침을 깨우는 이른 차량의 경적
밉다	음식의 풍미를 해치는 과한 조미료
밉다	사진의 완성도를 떨어뜨린 불필요한 객체
밉다	고요함을 깨는 비명의 메아리
밉다	섬세한 분위기에 난입한 거친 언어
밉다	가벼운 대화에 끼어든 무거운 주제
밉다	아름다운 멜로디를 깨트린 가사의 실수
밉다	정갈한 서재를 어지럽힌 책의 난무
밉다	맑은 하늘을 가로막는 고층 건물의 그림자
밉다	아기자기한 정원에 비치는 거대한 그림자
밉다	깊은 대화를 방해하는 휴대폰의 진동
밉다	평화로운 저녁을 깨는 긴급 뉴스의 방송
밉다	흐르는 강물에도 지워지지 않는 증오의 잉크
밉다	서리 내린 아침처럼 차갑게 얼어붙은 마음
밉다	손 끝을 찌르는 고장 난 시계바늘
밉다	평화의 화원에 나타난 불쾌한 잡초
밉다	깨진 유리 조각처럼 날카로운 말
실망스럽다	희망의 불꽃이 꺼진 재더미
실망스럽다	꿈이 부서진 유리 조각
실망스럽다	기쁨의 노래가 멈춘 침묵
실망스럽다	성공의 문턱에서 걸린 발걸음
실망스럽다	기대와 다른 현실의 충돌
실망스럽다	꿈꾸던 성의 무너진 벽
실망스럽다	희망의 배가 좌초된 해변
실망스럽다	바라던 이야기의 끝없는 공허
실망스럽다	약속된 봄이 오지 않은 겨울
실망스럽다	믿음의 다리가 무너진 강가
실망스럽다	소망의 빛이 사라진 터널
실망스럽다	기다림의 시계가 멈춘 순간
실망스럽다	기쁨의 축제가 끝난 마을
실망스럽다	신념의 탑이 무너진 폐허
실망스럽다	실망의 그림자에 갇힌 꿈
실망스럽다	기대했던 하늘에서 떨어진 별
실망스럽다	즐거움의 파도가 사라진 해변
실망스럽다	성공의 문이 닫힌 미래
실망스럽다	희망의 꽃이 시든 정원
실망스럽다	약속의 불빛이 꺼진 밤
실망스럽다	기쁨의 노래가 멈춘 축제
실망스럽다	신념의 불꽃이 사라진 어둠
실망스럽다	마음의 창이 깨진 순간
실망스럽다	행복의 무지개가 사라진 하늘
실망스럽다	소망의 나무가 마른 숲
실망스럽다	꿈의 성이 무너진 땅
실망스럽다	신뢰의 다리가 끊어진 관계
실망스럽다	희망의 별이 지는 밤하늘
실망스럽다	기대의 꽃잎이 날리는 바람
실망스럽다	행복의 열쇠가 잃어버린 보물
실망스럽다	기다림의 모래시계가 멈춘 방
실망스럽다	마음의 빛이 꺼진 어둠
실망스럽다	소망의 씨앗이 싹트지 않은 땅
실망스럽다	꿈꾸던 노래가 멈춘 마음
실망스럽다	바람의 속삭임이 멈춘 숲
실망스럽다	신념의 길이 막힌 골목
실망스럽다	행복의 파도가 물러간 해변
실망스럽다	기쁨의 불꽃이 꺼진 밤
실망스럽다	실망의 먹구름이 몰려온 하늘
실망스럽다	기대했던 길의 끝에 서 있는 실망의 문턱
실망스럽다	기대했던 꽃이 시들어 버린 정원
실망스럽다	흐린 하늘에 가려진 별빛의 기다림
실망스럽다	장밋빛 환상 뒤의 쓰디쓴 현실
실망스럽다	희망이 사라진 가을의 마지막 잎새
화나다	밤하늘을 가르는 분노의 번개
화나다	가슴 속 불타는 정의의 불길
화나다	차갑게 얼어붙은 분노의 얼음장
화나다	거센 파도처럼 밀려오는 노여움
화나다	천둥과 같은 마음 속의 울림
화나다	깊은 바다 속 숨겨진 분노의 소용돌이
화나다	뜨거운 사막의 분노가 일으키는 모래폭풍
화나다	험난한 산맥을 넘는 격정의 바람
화나다	거친 바다 위를 휩쓰는 감정의 폭풍
화나다	산불처럼 번져가는 분노의 불길
화나다	끊임없이 쏟아지는 분노의 화살
화나다	빛나는 별처럼 폭발하는 내면의 분노
화나다	격렬한 화산의 분출처럼 솟구치는 노여움
화나다	어둠 속에서 반짝이는 분노의 눈빛
화나다	천둥번개를 동반한 마음의 폭풍
화나다	마음 깊은 곳에서 울려 퍼지는 분노의 메아리
화나다	불길처럼 치솟는 감정의 분출구
화나다	짙은 안개 속 숨겨진 분노의 얼굴
화나다	격정적인 바람에 흔들리는 분노의 나뭇가지
화나다	마음의 호수를 뒤흔드는 분노의 돌풍
화나다	거세게 몰아치는 감정의 폭우
화나다	깊은 우물 속 감춰진 분노의 물결
화나다	꽉 찬 달처럼 떠오르는 분노의 조류
화나다	차가운 눈보라 속 분노의 숨결
화나다	험난한 길을 가로지르는 분노의 행진
화나다	짙은 안개를 뚫고 나오는 분노의 신호
화나다	숲을 뒤흔드는 거센 분노의 소리
화나다	거친 소리를 내며 터지는 분노의 폭발
화나다	눈부신 해돋이처럼 밝혀지는 분노의 진실
화나다	시끄러운 시장을 메우는 분노의 소음
화나다	뜨겁게 달아오른 철의 분노
화나다	불꽃놀이처럼 화려하게 터지는 분노의 불꽃
화나다	끝없는 우주 속 작은 분노의 별
화나다	거미줄처럼 퍼져가는 분노의 연결고리
화나다	심연에서 우러나는 분노의 에너지
화나다	가시밭길을 걷는 분노의 발걸음
화나다	맹렬한 태풍처럼 몰아치는 분노의 질주
화나다	무지개 끝에 숨겨진 분노의 보물
화나다	험난한 겨울을 이겨내는 분노의 봄기운
화나다	짙은 숲을 비추는 분노의 달빛
화나다	섬광처럼 번쩍이는 노여움의 번개
화나다	격렬히 몰아치는 내면의 폭풍우
화나다	끓어오른 가마솥 위 뜨거운 입김
화나다	깊은 숲 속을 울리는 내면의 포효
화나다	마음 속에 타오르는 분노의 불씨
짜증나다	집안을 맴도는 연기의 질식
짜증나다	식탁 위 남겨진 차가운 커피 잔
짜증나다	책상 구석에 쌓인 먼지 케이크
짜증나다	달콤한 아이스크림 위의 녹아내린 실망
짜증나다	옷장 속 어지러운 무질서의 조화
짜증나다	저녁 식사 때의 침묵 속 긴장
짜증나다	눈 앞에서 빠져나간 마지막 택시
짜증나다	양말을 적신 방금 지난 물웅덩이
짜증나다	마감 시간 직전의 펜 끝의 부담
짜증나다	장시간 대기 끝의 취소된 약속
짜증나다	텅 빈 냉장고 속의 절망감
짜증나다	얼룩진 유리창 너머의 흐린 전망
짜증나다	찢어진 책 페이지의 조용한 절규
짜증나다	불타는 목마름에도 빈 컵의 울림
짜증나다	거실 바닥에 흩어진 장난감의 혼란
짜증나다	메아리치는 공허한 대화의 잔향
짜증나다	밤하늘을 가린 먹구름의 위협
짜증나다	습기 가득한 방의 숨막히는 공기
짜증나다	고장 난 시계의 멈춘 시간
짜증나다	침대 아래 숨겨진 먼지 더미
짜증나다	쓰다듬어지지 않는 고양이의 무관심
짜증나다	우산을 잊고 나온 비 오는 날
짜증나다	건조한 겨울바람의 차가운 손길
짜증나다	방금 놓친 엘리베이터의 닫힌 문
짜증나다	북적이는 카페 속의 고립감
짜증나다	느닷없이 멈춘 음악의 침묵
짜증나다	말라붙은 물감의 색바랜 희망
짜증나다	교통 체증 속의 시간 낭비
짜증나다	분실된 열쇠의 숨바꼭질
짜증나다	화면을 가득 채운 에러 메시지
짜증나다	귓가를 울리는 높은 음의 비명
짜증나다	닫힌 문 너머의 무응답
짜증나다	채워지지 않는 침묵의 대화
짜증나다	기대하던 메뉴의 품절 통보
짜증나다	집안을 가득 메운 고장난 시계 소리
짜증나다	한 입에 사라진 마지막 조각의 아쉬움
짜증나다	뒤틀린 시트 속의 불편한 잠
짜증나다	전화기 너머의 끊긴 연결음
짜증나다	쓰레기통을 뒤지는 길고양이의 야옹소리
짜증나다	끈적한 여름날의 불쾌한 더위
짜증나다	귀에서 앵앵거리는 시끄러운 모기 소리
짜증나다	바람에 흩어지는 미세먼지의 분노
짜증나다	꽉 막힌 도로 위의 끝없는 답답함
짜증나다	끊임없이 울리는 새벽의 알람 소리