기쁘다	마음속 꽃이 피어나는 봄날의 정원
기쁘다	영혼을 감싸는 따뜻한 해변의 햇살
기쁘다	기다림 끝에 찾아온 소중한 선물
기쁘다	꿈꾸던 순간이 현실이 된 기적
기쁘다	행복이 가득 차오르는 따스한 포옹
기쁘다	새벽 하늘에 빛나는 별빛의 약속
기쁘다	마음을 울리는 감동의 첫 마디
기쁘다	소망이 이루어진 순간의 눈물
기쁘다	희망의 빛으로 가득 찬 오아시스
기쁘다	기쁨의 물결이 넘치는 감성의 바다
기쁘다	삶의 어려움을 뛰어넘는 행복의 도약
기쁘다	소중한 추억을 간직한 시간의 보물
기쁘다	성공의 문턱을 넘는 달콤한 결과
기쁘다	가슴 벅찬 순간의 환희의 폭포
기쁘다	소리 없이 피어나는 마음의 꽃밭
기쁘다	오랜 기다림 끝에 맞이한 만남의 기쁨
기쁘다	사랑의 메시지를 담은 밤하늘의 별
기쁘다	인생 길목에서 발견한 행복의 조각
기쁘다	추억이 쌓여가는 소중한 시간의 모래성
기쁘다	우정이 깊어가는 따뜻한 여름밤의 대화
기쁘다	뜻밖의 선물처럼 찾아온 기쁨의 순간
기쁘다	마음을 울리는 소리없는 응원
기쁘다	인생의 작은 성취가 모여 만든 보람
기쁘다	기쁨의 눈물로 가득 찬 감동의 순간
기쁘다	마음이 뛰는 순간의 즐거운 설렘
기쁘다	가슴속 깊은 곳에서 우러나는 감사의 마음
기쁘다	삶의 페이지마다 행복을 채우는 순간들
기쁘다	성공의 꿈을 현실로 만든 달성의 기쁨
기쁘다	내일을 향한 희망의 바람이 부는 순간
기쁘다	마음을 열고 맞이한 변화의 시작
즐겁다	마음속 무지개가 그려지는 순간
즐겁다	해바라기가 향한 햇살 같은 웃음
즐겁다	바람에 실린 싱그러운 봄의 노래
즐겁다	파도 위를 춤추는 햇빛의 교향곡
즐겁다	별빛 아래 속삭이는 밤의 멜로디
즐겁다	꽃향기 가득한 아침의 첫 숨결
즐겁다	손끝에서 피어나는 따스한 온기
즐겁다	책장을 넘길 때 속삭이는 행복
즐겁다	고양이의 미소 같은 평온한 순간
즐겁다	새벽 공기를 가르는 상쾌한 기분
즐겁다	하늘을 수놓은 무지개의 약속
즐겁다	가을 길을 걷는 따뜻한 손길
즐겁다	산책길에 피어난 우연한 만남
즐겁다	창가에 내리쬐는 햇살의 포옹
즐겁다	꿈결 같은 밤하늘의 별빛 여행
즐겁다	봄비에 씻긴 세상의 청명
즐겁다	커피 한 모금의 달콤한 위안
즐겁다	초록 잎사귀의 싱그러운 속삭임
즐겁다	캔버스에 펼쳐진 화가의 기쁨
즐겁다	어린 시절 추억 속의 놀이터
즐겁다	초롱초롱 빛나는 밤하늘의 별똥별
즐겁다	눈부신 아침의 첫 번째 빛줄기
즐겁다	서늘한 바람에 흩날리는 낙엽의 춤
즐겁다	달콤한 잠에서 깨어나는 아침의 설렘
즐겁다	영화 속 주인공처럼 빛나는 순간
즐겁다	풍선이 하늘로 날아오르는 가벼운 마음
즐겁다	소나기 끝 무지개처럼 환한 미소
즐겁다	빗방울 노래에 맞춰 춤추는 추억
즐겁다	어린아이의 웃음소리 같은 행복한 순간
즐겁다	여름밤의 별빛 아래 속삭이는 약속
감사하다	마음의 깊은 곳에서 우러나는 감사의 노래
감사하다	삶을 아름답게 만드는 작은 은혜의 순간들
감사하다	받은 사랑을 되돌려주는 마음의 선물
감사하다	행복을 전하는 따뜻한 말 한마디의 힘
감사하다	감사의 마음을 담아 전하는 소중한 편지
감사하다	삶의 소중한 순간들에 대한 끝없는 감사
감사하다	도움의 손길에 대한 진심어린 마음의 반영
감사하다	마음속 깊이 새겨진 감사의 기록
감사하다	인생의 여정에 함께한 의미 있는 존재
감사하다	감사함으로 가득 찬 마음의 정원
감사하다	서로를 향한 따뜻한 감정의 교류
감사하다	삶의 작은 순간마다 느끼는 감사의 숨결
감사하다	도움을 준 이에 대한 마음의 보답
감사하다	고마움을 품은 마음이 만든 감사의 다리
감사하다	존재만으로도 고마운 사람들의 소중한 기억
감사하다	마음에서 마음으로 전해지는 감사의 메시지
감사하다	고난 속에서도 빛나는 감사의 순간들
감사하다	삶을 풍요롭게 하는 감사의 매 순간
감사하다	서로의 삶을 밝혀주는 고마움의 빛
감사하다	나눔과 감사가 만들어내는 따뜻한 공동체
감사하다	일상의 소소한 순간에 느끼는 감사의 깨달음
감사하다	고마운 마음으로 채워진 마음의 그릇
감사하다	누군가를 위한 작은 행동의 큰 의미
감사하다	인생을 빛내주는 사람들에 대한 감사의 마음
감사하다	가슴 깊은 곳에서 피어나는 감사의 꽃
감사하다	고마움이 깃든 작은 순간의 행복
감사하다	함께한 모든 순간에 대한 감사의 마음
감사하다	삶을 함께 나눈 이들에 대한 진심어린 고마움
감사하다	마음을 움직인 순간의 감사한 기억
감사하다	소중한 인연에 대한 끝없는 감사의 마음
행복하다	마음속 깊은 곳에서 우러나는 행복의 샘물
행복하다	삶의 모든 순간을 빛내는 웃음의 꽃
행복하다	소소한 일상 속에서 찾아온 기쁨의 순간들
행복하다	사랑하는 이와 나누는 따스한 포옹의 온기
행복하다	마음을 가득 채우는 햇살 같은 존재
행복하다	꿈을 향해 한 걸음 뗀 성취의 기쁨
행복하다	서로의 마음을 이어주는 소중한 인연의 끈
행복하다	가족과 함께 보내는 평온한 저녁 식탁
행복하다	고마운 사람들과 나누는 소중한 추억의 시간
행복하다	일상에서 발견하는 작은 행복의 발견
행복하다	마음을 따뜻하게 하는 감사의 순간들
행복하다	살아있음을 느끼게 해주는 생명의 노래
행복하다	사랑받고 있다는 느낌의 포근한 안식
행복하다	매일 아침을 밝혀주는 희망의 빛
행복하다	가슴 속 깊이 새겨진 감동의 순간
행복하다	눈부신 아침 햇살 아래의 작은 기적
행복하다	인생 여정을 함께하는 동반자의 존재
행복하다	깊은 밤 하늘의 반짝이는 별빛처럼
행복하다	서로의 삶을 더욱 풍요롭게 하는 우정
행복하다	잔잔한 미소를 자아내는 일상의 풍경
행복하다	소중한 사람을 향한 끝없는 사랑의 고백
행복하다	삶의 작은 선물들에 대한 감사의 표현
행복하다	손에 잡힐 듯한 꿈의 실현
행복하다	오랫동안 기다려온 소망의 이루어짐
행복하다	새로운 시작의 설렘이 가득한 아침
행복하다	마음이 통하는 순간의 무한한 연결
행복하다	하루하루를 채워가는 작은 행복의 조각들
행복하다	오늘을 살아가는데 필요한 용기의 원천
행복하다	뜻밖의 순간에 찾아온 기쁨의 놀라움
행복하다	삶을 가치 있게 만드는 사랑의 힘
수줍다	봄바람에 살짝 숨은 벚꽃의 미소
수줍다	첫 눈에 담긴 새벽의 조심스러운 인사
수줍다	소곤소곤 이야기하는 새싹의 부드러운 속삭임
수줍다	부끄러움에 물든 해질녘 하늘의 빛깔
수줍다	처음 만난 이의 앞에서 떨리는 마음
수줍다	가을 들판을 수줍게 물들인 첫 서리
수줍다	책장 속에 숨겨진 비밀의 일기장
수줍다	잔잔한 호수에 비친 아침 햇살의 부끄러움
수줍다	어린 아이의 눈망울 속 순수한 기대
수줍다	처음 편지를 쓰는 손의 떨림
수줍다	밤하늘을 수줍게 밝히는 초승달의 미소
수줍다	처음 입맞춤의 순간, 두근거리는 기대
수줍다	새하얀 눈밭에 새긴 첫 발자국의 주저함
수줍다	양 볼을 붉게 물들인 첫사랑의 열기
수줍다	말을 걸고 싶은데 주저하는 마음의 신호
수줍다	선물을 고르며 느끼는 설레는 기대감
수줍다	목소리를 낮추고 속삭이는 비밀의 언어
수줍다	무대 위로 첫발을 딛는 순간의 긴장
수줍다	편지 봉투를 봉인하는 마음의 두근거림
수줍다	아침 이슬에 맺힌 꽃잎의 부끄러운 눈빛
수줍다	신중하게 선택한 말들의 조심스러운 배치
수줍다	마음속 깊은 곳에서 우러나오는 순수한 감정
수줍다	감추고 싶은 마음의 작은 소망
수줍다	한 걸음 뒤에 서서 바라보는 따뜻한 시선
수줍다	새로운 만남 앞에서 느끼는 설렘과 긴장
수줍다	조용히 꽃을 바라보는 아침의 고요함
수줍다	대답하기 전, 잠깐 멈춘 생각의 순간
수줍다	눈을 마주치자마자 피하는 쑥스러운 미소
수줍다	첫인사를 나누는 순간의 조심스러운 목소리
수줍다	새 학기 첫 날 친구들 앞에서의 망설임
부끄럽다	가을 잎사귀처럼 붉게 물든 얼굴
부끄럽다	첫 말을 건네는 순간의 떨리는 심장
부끄럽다	숨기고 싶은 비밀이 드러난 순간
부끄럽다	모두의 시선을 한 몸에 받는 느낌
부끄럽다	처음 고백하는 사랑의 서투른 말들
부끄럽다	실수를 깨달은 후의 적막한 침묵
부끄럽다	속마음이 드러난 듯한 두려운 눈빛
부끄럽다	첫 발표 앞의 긴장감 가득한 호흡
부끄럽다	순간적으로 얼굴을 감싼 손의 따스함
부끄럽다	친구들 앞에서 놓친 작은 실언
부끄럽다	거울 앞에서 마주친 민망한 웃음
부끄럽다	고백 후 기다리는 긴장된 정적
부끄럽다	부모님 앞에서 들킨 어린 시절의 장난
부끄럽다	사랑하는 이의 눈빛에 숨겨진 미소
부끄럽다	어색한 침묵 속에서 피어나는 수줍음
부끄럽다	첫사랑의 이름을 부르는 촉촉한 입술
부끄럽다	무대 위의 첫 선보임, 떨리는 다리
부끄럽다	마음을 열고 말한 후의 조용한 기다림
부끄럽다	과거의 일기장을 다시 열어본 순간
부끄럽다	칭찬 앞에서 몸을 움츠리는 습관
부끄럽다	새벽별처럼 살며시 드러난 속마음
부끄럽다	오랜 친구 앞에서도 털어놓지 못한 고민
부끄럽다	처음으로 무대에 선 아이의 순수한 눈빛
부끄럽다	깊은 밤, 혼자 되새기는 부끄러운 기억
부끄럽다	갑작스러운 칭찬에 홍조를 띤 뺨
부끄럽다	오래된 사진 속 숨겨진 어린 시절의 기억
부끄럽다	잘못을 인정하는 순간의 겸손한 태도
부끄럽다	첫 만남에서 눈을 마주치지 못하는 쑥스러움
부끄럽다	가족 앞에서 보여준 어린아이 같은 행동
부끄럽다	새로운 환경에서 처음 마주한 낯선 시선
쑥쓰럽다	새 신을 신고 걷는 어색한 첫걸음
쑥쓰럽다	새벽 공기에 흩날리는 첫 번째 하품
쑥쓰럽다	친구들 앞에서 놓친 어설픈 농담
쑥쓰럽다	잘못된 가사를 부른 후의 당황한 웃음
쑥쓰럽다	처음 배운 춤을 추는 서툰 발걸음
쑥쓰럽다	새로운 모임에서 던진 첫 인사의 떨림
쑥쓰럽다	생일 파티에서 받은 예상치 못한 선물의 당혹감
쑥쓰럽다	첫 요리 시도의 불확실한 맛의 기대감
쑥쓰럽다	모두의 시선을 받으며 연설하는 초보자의 긴장
쑥쓰럽다	첫 출근길, 넥타이 매는 서투른 손길
쑥쓰럽다	새로운 언어로 말해보는 투박한 발음
쑥쓰럽다	오랜만에 만난 친구에게 한 어색한 포옹
쑥쓰럽다	첫 자전거 타기의 흔들리는 균형
쑥쓰럽다	모임에서의 첫 발언, 조심스러운 목소리
쑥쓰럽다	첫 사랑의 이름을 불렀던 떨리는 심장
쑥쓰럽다	장난감 악기로 연주하는 첫 공연의 긴장
쑥쓰럽다	비 오는 날, 우산을 같이 쓴 어색함
쑥쓰럽다	새로운 직장에서의 첫 번째 프레젠테이션의 부담
쑥쓰럽다	첫 해외 여행에서 시도한 새로운 음식의 맛
쑥쓰럽다	갑작스러운 칭찬에 당황해하는 순진한 미소
쑥쓰럽다	첫 데이트에서 선택한 영화의 불편한 침묵
쑥쓰럽다	오랜 시간 후 다시 만진 악기의 서툰 소리
쑥쓰럽다	첫 번째 스키 강습에서의 휘청거림
쑥쓰럽다	어린 시절 친구 앞에서의 수줍은 고백
쑥쓰럽다	처음으로 집 밖에서 시도한 화상 통화의 어색함
쑥쓰럽다	처음 입어본 정장의 불편한 착용감
쑥쓰럽다	새로운 취미 클래스에서 만난 사람들과의 첫 대화
쑥쓰럽다	직접 만든 선물을 전달하는 순간의 긴장
쑥쓰럽다	첫 번째 공개 연주에서의 떨리는 손끝
쑥쓰럽다	새로운 동네에서 이웃에게 한 첫 인사의 미소
민망하다	잘못된 문을 연 순간의 당혹스러운 눈빛
민망하다	온몸으로 느껴지는 고요한 침묵의 무게
민망하다	넘어진 후 일어선 자리의 어색한 웃음
민망하다	이름을 잊어버린 상대의 눈 앞에서의 망설임
민망하다	생각과 다른 결과 앞의 당황스러운 표정
민망하다	친구 앞에서 터진 웃음의 순간적인 정적
민망하다	예상치 못한 질문 앞의 머뭇거림
민망하다	뜻밖의 칭찬에 홍조 띤 볼의 열기
민망하다	중요한 순간에 말을 잃은 조용한 절망
민망하다	모두의 주목을 받는 순간의 뜨거운 시선
민망하다	발표 도중 생긴 길 잃은 말들의 공백
민망하다	마음을 표현하다 말아버린 조심스러운 침묵
민망하다	오해를 받은 듯한 순간의 불편한 기류
민망하다	다른 의견을 내놓은 후의 적막한 공간
민망하다	공개적으로 칭찬받는 순간의 어색한 미소
민망하다	선물을 건네고 난 후의 기다림
민망하다	친구들 앞에서 실수를 인정하는 순간
민망하다	의외의 상황에 당황하는 순간의 심장 박동
민망하다	이야기 도중 끼어든 불청객의 불편한 인사
민망하다	잊고 있던 중요한 일을 떠올린 순간
민망하다	갑작스러운 침묵 속의 당황한 시선 교환
민망하다	비밀이 드러난 후의 조용한 방의 긴장
민망하다	갑자기 모두의 관심을 받게 된 시선
민망하다	진심을 전달하려다 실패한 소통의 단절
민망하다	농담을 진담으로 받아들인 순간의 곤혹
민망하다	큰 실수를 저지른 후의 무거운 고백
민망하다	잘못 전달된 메시지의 불편한 해명
민망하다	놀랍게도 잘못 알고 있던 사실의 발견
민망하다	길을 잃어버린 후 만난 낯선 시선
민망하다	의도치 않게 들린 비밀의 대화
슬프다	가을 하늘에 흩어진 외로운 구름
슬프다	잊혀진 노래의 마지막 음표처럼
슬프다	쓸쓸한 밤을 걷는 달빛의 그림자
슬프다	빗물에 희미하게 지워진 길의 흔적
슬프다	떠나간 이를 기다리는 텅 빈 방
슬프다	마음을 울리는 쓸쓸한 바람의 속삭임
슬프다	잃어버린 꿈을 찾는 이의 눈물
슬프다	저무는 해변에 남겨진 외로운 발자국
슬프다	무너진 희망의 잔해 위에 핀 꽃
슬프다	마지막 이별을 고하는 가을의 서신
슬프다	쓸쓸함을 머금은 겨울 나무의 실루엣
슬프다	기다림 속에 서서히 희미해지는 기억
슬프다	잠들지 못하는 밤의 긴 회한
슬프다	눈물 속에 녹아내린 마지막 웃음
슬프다	조용히 가슴을 파고드는 그리움의 무게
슬프다	잊혀진 약속 위에 내리는 조용한 비
슬프다	쓸쓸한 해변에서 듣는 파도의 한숨
슬프다	사랑의 기억을 안고 잠든 별
슬프다	끝나지 않는 고독의 무한한 회전목마
슬프다	시간 속에 잃어버린 소중한 추억들
슬프다	잔잔한 호수에 비친 슬픈 얼굴
슬프다	버려진 길가에 핀 외로운 꽃
슬프다	가슴 깊숙이 숨겨진 아픈 비밀
슬프다	긴 여정의 끝에서 맞이한 고독한 새벽
슬프다	먼 여행에서 돌아오지 않는 이의 기다림
슬프다	잃어버린 시간 위로 흐르는 눈물
슬프다	끝없는 회상 속에 갇힌 슬픈 영혼
슬프다	한 조각 남겨진 행복의 기억
슬프다	조용한 강가에서 울리는 쓸쓸한 새소리
슬프다	마음 한 구석에 숨겨진 슬픔의 색
서럽다	끝없는 밤을 울린 외로운 소나기
서럽다	잊힌 이야기 속의 쓸쓸한 그림자
서럽다	마음을 파고드는 가을 밤의 한숨
서럽다	소리 없이 흘러내린 눈물의 강
서럽다	불러도 대답 없는 고요한 산맥
서럽다	흘러간 시간에 남겨진 아픈 기억
서럽다	어둠 속에서 길을 잃은 별빛
서럽다	사랑했던 날들의 잔잔한 회오리바람
서럽다	꿈에서 깨어난 후의 쓸쓸한 여명
서럽다	가슴 속 깊은 곳의 울림
서럽다	조용히 내리는 눈 속의 외침
서럽다	작별 인사 없는 이별의 정류장
서럽다	빈자리만 남긴 소중한 사람의 그림자
서럽다	떠나간 이의 이름을 부르는 바람
서럽다	마음 한켠에 숨겨진 슬픈 비명
서럽다	잃어버린 희망의 파편 위에 핀 꽃
서럽다	기다림의 끝에서 맞이한 쓸쓸한 새벽
서럽다	손을 뻗어도 닿지 않는 꿈의 끝
서럽다	무거운 침묵 속 숨겨진 서러운 마음
서럽다	오래된 사진 속 미소 뒤의 슬픔
서럽다	빛을 잃어버린 별의 마지막 노래
서럽다	잠시 머물다 사라진 행복의 그림자
서럽다	잊혀진 곡선 위의 쓸쓸한 멜로디
서럽다	안개 속에 흐려진 추억의 윤곽
서럽다	끝나지 않을 것 같은 밤의 속삭임
서럽다	깊은 숲 속 잃어버린 길의 기억
서럽다	강물에 비친 외로운 달의 서러움
서럽다	살며시 다가온 이별의 순간
서럽다	떠나간 이를 향한 마지막 소망의 눈물
서럽다	어둠을 가르며 흐르는 쓸쓸한 강물
속상하다	기대했던 순간에 내리는 가을비
속상하다	꿈을 향한 발걸음을 멈춘 실망
속상하다	마음속 깊이 자리한 무거운 돌
속상하다	누군가에게 전하지 못한 말의 무게
속상하다	잘못된 선택 뒤에 남은 후회의 그림자
속상하다	손을 뻗어도 닿지 않는 희망의 거리
속상하다	바라보는 눈물 속의 흐릿한 미래
속상하다	사랑의 기억을 묻은 쓸쓸한 해변
속상하다	친구의 등을 바라보는 쓸쓸한 이별
속상하다	말하지 못한 진심 뒤의 적막
속상하다	희미해지는 꿈 위의 먼지처럼
속상하다	실수를 되돌릴 수 없는 시간의 벽
속상하다	잃어버린 미소 뒤의 고독한 슬픔
속상하다	어긋난 기대에 흩어지는 마음의 조각들
속상하다	간절했던 소망의 파편들 사이에서
속상하다	무심코 뱉은 말에 상처받은 마음
속상하다	바람에 흔들리는 마음속의 불안정
속상하다	조용히 가라앉는 저녁 노을 같은 기분
속상하다	잡힐 듯 말듯한 행복의 그림자
속상하다	끝내 이루지 못한 소망의 아쉬움
속상하다	공허한 마음을 채우지 못한 대화
속상하다	차가운 바람처럼 스치는 외로움
속상하다	깨어진 꿈의 조각을 모으는 시간
속상하다	떠나간 이의 빈자리를 채우는 그리움
속상하다	잊혀진 약속 위에 내리는 차가운 눈
속상하다	소리 없이 가슴을 파고드는 원망
속상하다	세월에 쓸려가는 추억의 흔적
속상하다	무너진 자신감 아래 숨겨진 두려움
속상하다	어제의 웃음이 사라진 오늘의 공허
속상하다	닫힌 문 너머의 불투명한 기대
우울하다	무거운 구름이 가리는 햇빛의 그림자
우울하다	잠잠한 호수 위의 쓸쓸한 안개
우울하다	끝없이 펼쳐진 회색 도시의 빛바랜 모습
우울하다	조용히 내리쬐는 달빛 속의 외로운 실루엣
우울하다	가을 끝자락의 잦아드는 낙엽의 속삭임
우울하다	쉬지 않고 흐르는 비 속의 무딘 감각
우울하다	잊혀진 골목길의 오래된 추억의 먼지
우울하다	불 꺼진 창가에서 바라보는 을씨년스러운 저녁
우울하다	새벽 공기를 가르는 차가운 숨결
우울하다	무표정하게 펼쳐진 책장 사이의 침묵
우울하다	말없이 지나가는 계절의 변화무쌍한 그림자
우울하다	어둠 속을 헤매는 빛나지 않는 별
우울하다	오래된 편지 속에 숨겨진 미완의 이야기
우울하다	늦은 밤, 불안정한 꿈의 파편들
우울하다	먼 곳을 응시하는 창문 너머의 고독
우울하다	잠시 멈춘 시계의 정지된 순간들
우울하다	빈 방을 메우는 조용한 회색의 공기
우울하다	무너진 채로 남겨진 오래된 벽의 그늘
우울하다	소리 없이 흘러가는 시간의 무게
우울하다	길 잃은 생각들이 모이는 고요한 저녁
우울하다	깊은 숲 속 잊혀진 길의 침묵
우울하다	바람에 흩날리는 편지의 조각들 사이의 빈틈
우울하다	조용한 밤하늘을 가로지르는 생각의 구름
우울하다	한 줄기 빛을 기다리는 어두운 터널
우울하다	손끝에서 사라지는 온기의 기억
우울하다	끝나지 않을 것 같은 장마의 소리
우울하다	창문을 두드리는 빗방울의 반복된 리듬
우울하다	무너져 내린 기대 위의 적막한 먼지
우울하다	기억 속으로 점점 사라지는 미소의 흔적
우울하다	잡힐 듯 말듯한 기억의 실루엣
그립다	멀어진 이의 빈자리에 내리는 밤비
그립다	잊혀진 길목에서 속삭이는 바람의 기억
그립다	오래된 사진 속 미소의 온기
그립다	쓸쓸한 해변에서 맞이하는 노을의 인사
그립다	가슴 깊은 곳에 숨긴 이름의 떨림
그립다	깊은 밤하늘을 수놓는 별빛의 그리움
그립다	조용한 공원 벤치의 쓸쓸한 대화
그립다	잠들기 전 속삭이는 이별의 노래
그립다	먼 여행길에서 돌아보는 희미한 뒷모습
그립다	마음을 떠도는 추억의 파편들
그립다	불 꺼진 방에서 헤매는 생각의 그림자
그립다	가을 바람에 흩날리는 낙엽의 소리
그립다	눈부신 햇살 아래 잃어버린 시간의 향기
그립다	긴 터널을 지나며 기다리는 빛의 약속
그립다	이른 새벽, 잠 못 드는 별의 속삭임
그립다	먼 곳을 바라보며 그리는 당신의 윤곽
그립다	어둠을 밝히는 촛불처럼 따스한 기억
그립다	마지막 인사 뒤 남겨진 고요한 여운
그립다	손을 뻗으면 닿을 듯한 환상의 그림
그립다	떠나간 계절을 되돌리는 시간의 바람
그립다	헤어짐의 순간, 남겨진 눈물의 무게
그립다	흐린 하늘 아래 잊혀진 약속의 장소
그립다	빗소리에 섞여 울리는 그리움의 멜로디
그립다	꿈속에서만 만날 수 있는 달콤한 만남
그립다	조용히 흐르는 강물처럼 끝없는 그리움
그립다	책상 위 편지에 담긴 절절한 마음
그립다	불어오는 바람에 실린 익숙한 향기
그립다	오랜 기다림 속에 피어난 마음의 꽃
그립다	어느 날 문득 떠오르는 미소의 순간
그립다	먼 훗날 다시 만날 약속의 시간
공허하다	방 안을 메우는 침묵의 에코
공허하다	밤하늘을 바라보는 별빛 없는 눈동자
공허하다	끝없이 펼쳐진 사막의 무한한 고독
공허하다	바람이 통과하는 텅 빈 거리의 울림
공허하다	대화 없는 식탁 위의 잊혀진 시간
공허하다	환호 없는 무대 뒤의 적막한 기다림
공허하다	끝난 파티의 잔해 속 고요한 쓸쓸함
공허하다	사라진 파도의 여운만 남긴 해변의 모래
공허하다	꺼진 불빛 아래 남겨진 그림자의 춤
공허하다	편지를 기다리는 빈 우편함의 기다림
공허하다	소리 없는 숲속의 먼지 쌓인 길
공허하다	미완성된 꿈의 페이지 사이의 허공
공허하다	마지막 장을 넘긴 책의 무거운 뒤표지
공허하다	떠나간 이의 흔적만 남긴 방의 한숨
공허하다	잊혀진 노래의 마지막 음표 뒤의 정적
공허하다	비워진 컵의 바닥을 응시하는 눈빛
공허하다	소멸된 별의 궤적만 남긴 밤하늘
공허하다	과거의 환희가 사라진 놀이공원의 뒷모습
공허하다	시간이 멈춘 듯한 버려진 시계의 바늘
공허하다	대답 없는 질문 끝에 맴도는 공허함
공허하다	기억에서 지워진 이름의 무게감
공허하다	소리를 잃은 악기의 먼지 쌓인 현
공허하다	사진 속 웃음 뒤 숨겨진 빈 공간
공허하다	이별 후 남겨진 공허한 약속의 잔재
공허하다	조용히 닫힌 문 너머의 무응답
공허하다	꿈에서 깨어난 후의 허망한 현실감
공허하다	무너진 채로 남겨진 옛 사랑의 터
공허하다	빛을 잃어버린 화가의 미완성 작품
공허하다	새벽녘 빈 거리를 걷는 발걸음의 울림
공허하다	한때 웃음이 가득했던 방의 잔향
외롭다	한밤중에 울리는 쓸쓸한 시계의 초침
외롭다	빈 벤치에 남겨진 어스름한 그림자
외롭다	무인도에 표류한 마음의 외로운 신호
외롭다	황혼이 내리는 바다의 고독한 파도
외롭다	조용히 빛나는 별 하나의 외로운 광채
외롭다	적막한 산길을 걷는 혼자만의 발자국
외롭다	떨어진 낙엽 사이의 가을 저녁 외로움
외롭다	공허하게 울리는 빈 방의 에코
외롭다	잠들지 못하는 밤의 외로운 생각들
외롭다	무대 위 홀로 남겨진 배우의 그림자
외롭다	잊혀진 도서관의 먼지 쌓인 책들
외롭다	조용한 카페 구석의 혼자만의 시간
외롭다	버려진 공원의 빈 그네의 무언의 소리
외롭다	어둠 속에서 혼자 울리는 시계의 타종
외롭다	빗속을 홀로 걷는 잊혀진 우산
외롭다	사람들 속에서 느끼는 혼자만의 고립
외롭다	오래된 다리 위의 저녁놀 속 외로움
외롭다	먼 바다를 바라보는 등대의 쓸쓸함
외롭다	밤하늘을 가로지르는 혼자만의 별빛
외롭다	비워진 커피잔 옆의 조용한 기다림
외롭다	황혼에 젖은 산책로의 끝없는 외로움
외롭다	흘러가는 구름을 바라보는 외로운 마음
외롭다	어둠에 쌓인 방에서의 침묵의 대화
외롭다	빛나는 도시 아래 혼자만의 그늘
외롭다	허공을 맴도는 외로운 새의 노래
외롭다	창가에 기대어 보내는 무언의 저녁
외롭다	망설임 속에 묻힌 혼자만의 질문
외롭다	길 잃은 별처럼 떠도는 내 마음
외롭다	새벽녘 길을 홀로 걷는 안개의 춤
외롭다	끝없는 사막을 횡단하는 외로운 바람
두렵다	어둠 속에서 조용히 다가오는 발걸음
두렵다	바람에 흔들리는 늦은 밤의 빈 그네
두렵다	깊은 숲속의 미지의 소리에 떠는 심장
두렵다	불 꺼진 방 한가운데 홀로 선 느낌
두렵다	고요한 밤을 깨우는 갑작스러운 문 두드림
두렵다	미로처럼 어두운 골목길의 끝없는 길
두렵다	폭풍우 치는 밤의 창문을 두드리는 비
두렵다	낯선 이의 눈빛 속 숨겨진 의도
두렵다	높은 곳에서 내려다보는 아찔한 경계
두렵다	길 잃은 아이의 마음속 깊은 공포
두렵다	무대 위로 혼자 걸어나가는 순간의 떨림
두렵다	적막한 숲속에서 울리는 낯선 소리
두렵다	어둠 속을 헤매는 불확실한 미래
두렵다	깊은 바다의 아래로 끝없이 가라앉는 느낌
두렵다	밤하늘을 가로지르는 불안한 별의 궤적
두렵다	끝을 알 수 없는 깊은 우물 속으로의 시선
두렵다	손을 뻗어도 닿지 않는 안개 속 목소리
두렵다	폐허가 된 집의 조용한 복도를 걷는 발소리
두렵다	잠에서 깨어난 후 이어지는 악몽의 잔상
두렵다	공허한 방안에서 울려 퍼지는 시계의 째깍거림
두렵다	비밀이 숨겨진 어두운 방의 잠긴 문
두렵다	짙은 안개 속에서 길을 잃은 두려움
두렵다	폭풍의 눈 속으로 접어드는 작은 배
두렵다	칠흑 같은 어둠 속 깊은 동굴의 입구
두렵다	새벽에 홀로 남겨진 공터의 고요한 침묵
두렵다	흔들리는 다리 위의 발걸음에 숨 막히는 순간
두렵다	꿈에서 맞닥뜨린 높은 벼랑의 끝
두렵다	불확실한 미래를 향한 첫발의 주저함
두렵다	어린 시절 꾸었던 괴물의 그림자
두렵다	차가운 바람이 휘몰아치는 폐허의 공터
불안하다	조용한 바람에도 흔들리는 얇은 가지
불안하다	깊은 밤을 가로지르는 불확실한 발걸음
불안하다	평온한 호수 위를 스치는 작은 물결
불안하다	잠잠한 공기 속에 숨겨진 숨결의 진동
불안하다	어둠 속에서 미끄러지는 약한 빛의 깜박임
불안하다	가까워지는 시험일의 무거운 침묵
불안하다	지평선 너머로 사라지는 해의 마지막 불빛
불안하다	방 안을 가득 채우는 무거운 기다림
불안하다	새벽길을 혼자 걷는 이의 조용한 불안
불안하다	공허한 회의실의 적막한 기대
불안하다	쌓여가는 먼지 속 잊혀진 약속의 무게
불안하다	고요한 밤하늘에 맴도는 불안한 별빛
불안하다	급변하는 세상 속 작은 배의 흔들림
불안하다	막다른 골목에서 맞닥뜨린 예상치 못한 미래
불안하다	깊은 바다 위의 표류하는 뗏목의 불안정
불안하다	어두운 방 안의 시계 소리에 깊어지는 불안
불안하다	창문을 두드리는 빗방울의 불규칙한 리듬
불안하다	늘어가는 그림자와 함께 찾아오는 저녁의 불안
불안하다	높은 하늘을 나는 새의 불안한 시선
불안하다	가까워지는 발소리에 커지는 마음의 파문
불안하다	먼 여행길에서 느끼는 낯선 도시의 공허함
불안하다	대답 없는 질문 속에 머무는 침묵의 긴장
불안하다	불확실한 미래를 향한 어려운 첫 걸음
불안하다	소용돌이치는 생각 속의 끝없는 회전
불안하다	다가올 변화를 예감하는 저녁노을의 불안
불안하다	기대와 걱정 사이에서 흔들리는 마음
불안하다	오랜 기다림 끝에 들려오는 불확실한 대답
불안하다	사라져가는 꿈의 조각들 사이의 불안
불안하다	급격히 변하는 세상 앞의 조심스러운 발걸음
불안하다	어두운 숲속을 혼자 걸어가는 불안한 심장 박동
초조하다	마음 속에서 꿈틀대는 작은 뱀
초조하다	숨결에 얼어붙은 얇은 얼음
초조하다	잔잔한 호수에 떨어진 첫 방울
초조하다	불안의 그림자를 키우는 어스름
초조하다	뜨거운 모래 위의 발자국 소리
초조하다	바람에 흔들리는 얇은 촛불 불꽃
초조하다	손끝에서 춤추는 미묘한 전류
초조하다	깊은 숲 속 미아의 심장박동
초조하다	늦은 밤 빗소리의 잦은 방문
초조하다	편지함을 열 때의 조심스러운 기대
초조하다	거미줄에 걸린 이슬의 무게
초조하다	거센 파도 앞의 모래성
초조하다	가느다란 얼음 위의 불안정한 걸음
초조하다	조용한 방에서 울리는 시계 소리
초조하다	바늘 위를 걷는 고양이의 조심스러움
초조하다	기다림 속에 깊어가는 저녁 노을
초조하다	빈 의자에 앉은 그리움의 무게
초조하다	높은 하늘의 떠도는 구름 한 조각
초조하다	달빛 아래 떨리는 나뭇잎의 그림자
초조하다	창가에 부는 바람의 쓸쓸한 속삭임
초조하다	서늘한 아침 공기 속 숨은 안개
초조하다	깊은 밤을 수놓는 별빛의 떨림
초조하다	조용한 호수에 펼쳐진 파문의 시작
초조하다	오래된 다리 위의 불안한 한 걸음
초조하다	눈 앞의 안개 속 길을 찾는 시선
초조하다	꽉 쥔 주먹 속 숨겨진 떨림
초조하다	고요한 새벽을 깨우는 첫 새소리
초조하다	공연장 문 앞의 기대감 가득한 침묵
초조하다	장마철 하늘에 매달린 무거운 구름
초조하다	밤하늘을 가로지르는 별똥별의 긴장된 궤적
혼란스럽다	바람에 휘날리는 가을 잎사귀들
혼란스럽다	책상 위 흩어진 무수한 종이들
혼란스럽다	길 잃은 아이의 눈물 젖은 눈동자
혼란스럽다	교차로에서 방향을 잃은 나침반
혼란스럽다	밤하늘을 가득 메운 별들의 혼돈
혼란스럽다	꿈속에서 끝없이 헤매는 미로
혼란스럽다	쓰나미 후 해변의 흔적 없는 모래성
혼란스럽다	시장 속 뒤엉킨 사람들의 소리
혼란스럽다	어둠 속에서 방향을 잃은 불빛
혼란스럽다	파도에 삼켜진 해변의 발자국들
혼란스럽다	숲속의 길에서 길을 잃은 그림자
혼란스럽다	파티 후 방치된 컨퓨티의 잔해
혼란스럽다	기억의 서랍에서 흩어진 추억들
혼란스럽다	폭풍우 속 흔들리는 배의 방향타
혼란스럽다	서류 더미 속 잊혀진 중요 문서
혼란스럽다	무대 위 혼란스러운 악기들의 조화
혼란스럽다	북적이는 거리에서의 소음과 혼란
혼란스럽다	옷장 속 뒤엉킨 옷가지들의 무질서
혼란스럽다	거미줄에 걸린 이슬방울의 불규칙한 배열
혼란스럽다	갑작스런 폭풍의 뒤섞인 하늘색깔
혼란스럽다	교통체증 속 차량들의 뒤엉킨 행렬
혼란스럽다	책장에서 무너진 책들의 무질서
혼란스럽다	새벽 시장의 소란스러운 준비 과정
혼란스럽다	술병이 넘쳐나는 파티의 아침
혼란스럽다	방 안 가득 흩어진 장난감들
혼란스럽다	지갑 속 뒤섞인 영수증과 카드들
혼란스럽다	폭우에 휩쓸린 거리의 낙엽들
혼란스럽다	교실 속 낙서로 가득한 칠판
혼란스럽다	대화 속 뒤엉킨 감정의 실타래
혼란스럽다	붐비는 역에서 길을 잃은 승객들
밉다	어둠 속에 숨은 날카로운 가시
밉다	끝없는 회색 하늘 아래 울음
밉다	꽃밭을 짓밟는 무거운 코끼리 발자국
밉다	겨울 바람 속에 휘날리는 차가운 눈
밉다	봄날을 스치는 차갑고 매서운 바람
밉다	시든 꽃 위로 흐르는 쓰라린 눈물
밉다	가시덤불 속에 숨겨진 날카로운 장미
밉다	고요한 밤을 깨우는 시끄러운 소음
밉다	화려한 불꽃 속 숨겨진 어둠의 그림자
밉다	파도에 삼켜진 조용한 해변의 속삭임
밉다	맑은 하늘을 가리는 짙은 구름
밉다	여름날의 뜨거운 태양 아래 메마른 대지
밉다	황혼이 내린 숲속의 음산한 기운
밉다	산뜻한 아침을 방해하는 시끄러운 알람
밉다	풍요로운 수확을 앗아가는 메마른 가뭄
밉다	달콤한 꿈을 깨는 거친 현실의 소리
밉다	무지개 끝에 숨겨진 검은 구름
밉다	꿈틀대는 뱀의 혀처럼 차가운 눈길
밉다	번영의 도시를 뒤덮는 짙은 안개
밉다	화창한 날을 슬퍼하는 빗방울
밉다	노래하는 새를 잠재우는 짙은 어둠
밉다	빛나는 별을 가리는 스산한 구름
밉다	햇살 아래 숨겨진 시든 잎사귀
밉다	기쁨의 순간을 방해하는 불청객의 등장
밉다	조용한 호수를 흐리는 떨어지는 잎
밉다	달빛 아래에서도 빛나지 못하는 진주
밉다	풍성한 열매 속 숨어있는 썩은 씨앗
밉다	밝은 미소 뒤에 숨겨진 가시
밉다	서로를 향해 피어난 불꽃 속의 얼음
밉다	선명한 색상 속 숨어있는 차가운 그늘
실망스럽다	바람 뒤에 남은 한 조각 희망
실망스럽다	꿈이 부서진 날의 파편들
실망스럽다	희미한 빛 뒤의 긴 그림자
실망스럽다	기대가 무너진 어둠 속 실루엣
실망스럽다	맑은 하늘 뒤 감춰진 폭풍
실망스럽다	꽃잎 사이로 흘러내린 눈물
실망스럽다	무지개 끝에 숨겨진 폐허
실망스럽다	소망의 끝에서 우러나온 절망
실망스럽다	희망의 바다에서 건져낸 실망
실망스럽다	기다림 속에 쌓인 먼지 한 줌
실망스럽다	빛을 잃어버린 별의 뒷모습
실망스럽다	마음의 창을 닫는 무거운 잠금
실망스럽다	행복을 그리다 만 미완성의 그림
실망스럽다	새벽을 기다리는 긴 밤의 끝
실망스럽다	꿈꾸던 세상 뒤에 숨은 진실
실망스럽다	풍선처럼 터져버린 기대의 조각들
실망스럽다	거울 속에 비친 깨진 표정
실망스럽다	삶의 무대 뒤 남겨진 고독
실망스럽다	약속된 미래에서 빠져나온 허상
실망스럽다	기쁨의 꽃에서 떨어진 마지막 잎
실망스럽다	희미해진 길 끝의 불확실성
실망스럽다	꿈의 하늘에서 떨어진 별똥별
실망스럽다	기대했던 축제 뒤의 쓸쓸함
실망스럽다	아름다움 속에 감춰진 아픔의 눈물
실망스럽다	마음을 열었다가 닫힌 창문
실망스럽다	소망의 불꽃 속 잿더미
실망스럽다	무너진 다리 아래 흐르는 물
실망스럽다	밝은 낮 뒤에 숨은 어둠
실망스럽다	기다린 끝에 받은 공허함
실망스럽다	이룰 수 없는 꿈의 잔해
화나다	분노가 타오르는 뜨거운 화산
화나다	마음속에 숨겨진 분노의 폭풍
화나다	차가운 눈 속에 끓는 용암
화나다	끓어오르는 분노의 검은 연기
화나다	참을 수 없는 분노의 압력
화나다	화염을 품은 조용한 산불
화나다	성난 파도가 치는 마음의 해변
화나다	가슴 속에 피어나는 분노의 꽃
화나다	눈빛에서 번뜩이는 차가운 불꽃
화나다	성난 호랑이의 눈빛처럼 날카로운
화나다	거부할 수 없는 분노의 소용돌이
화나다	마음을 파고드는 날카로운 분노의 칼날
화나다	가슴 속에서 부글부글 끓는 용암
화나다	폭발 직전의 조용한 화약통
화나다	내면의 분노가 삼키는 검은 구멍
화나다	격렬하게 휘몰아치는 분노의 폭풍우
화나다	불타오르는 감정의 불길한 불꽃
화나다	참을 수 없는 화의 끓는 점
화나다	폭발할 듯한 마음속의 화약고
화나다	분노로 일렁이는 마음의 불길
화나다	분노를 삼키려는 험난한 바다
화나다	성난 늑대의 눈동자처럼 위협적인
화나다	가슴을 울리는 분노의 울음소리
화나다	분노가 춤추는 가슴속의 무대
화나다	성난 파도처럼 밀려오는 감정
화나다	내면의 폭풍이 몰아치는 순간
화나다	치밀어 오르는 분노의 거품
화나다	마음을 태우는 분노의 불길
화나다	감당할 수 없는 분노의 무게
화나다	분노의 화살이 날아드는 전장
짜증나다	마음의 창을 두드리는 끊임없는 빗방울
짜증나다	인내의 실이 풀리는 순간의 고뇌
짜증나다	잔잔한 호수에 떨어진 돌멩이의 파문
짜증나다	조용한 방에 울려 퍼지는 시계 소리
짜증나다	쉬고 싶은데 계속되는 알람의 요동
짜증나다	내 마음을 긁는 날카로운 가시
짜증나다	기대했던 하늘에서 내리는 뜻밖의 비
짜증나다	평온을 깨트리는 예기치 않은 소음
짜증나다	꿈을 꾸다가 불쑥 찾아온 악몽
짜증나다	마음의 평화를 해치는 날선 말들
짜증나다	감정의 바다에 일어난 불필요한 파도
짜증나다	손을 베는 종이처럼 예리한 불쾌감
짜증나다	기쁨의 파티를 망치는 불청객의 등장
짜증나다	내 의지와 상관없는 감정의 소용돌이
짜증나다	평화로운 저녁을 방해하는 불필요한 전화
짜증나다	끓는 냄비 속에서 튀어 오르는 기름방울
짜증나다	한숨만 늘어가는 밤의 긴 이야기
짜증나다	기분 좋은 날을 망치는 갑작스런 소나기
짜증나다	참을성의 밧줄이 닳아가는 시험
짜증나다	마음속 깊은 곳에서 우러나오는 실망감
짜증나다	쾌청한 하늘에 나타난 예기치 못한 구름
짜증나다	기대하던 순간을 망치는 실수의 늪
짜증나다	마음의 문을 두드리는 불청객의 방문
짜증나다	조화를 깨는 불협화음의 침입
짜증나다	기쁨의 불꽃을 끄는 슬픔의 물결
짜증나다	일상의 흐름을 방해하는 갑작스런 장애물
짜증나다	기대와는 다른 결과의 쓰라린 맛
짜증나다	마음을 무겁게 하는 생각의 짐
짜증나다	가벼운 바람에도 흔들리는 감정의 나무
짜증나다	내일을 기약하며 쌓아온 희망의 벽