비참하다	마음속에 서리가 내린 고독의 겨울
비참하다	희망의 빛을 삼킨 암흑의 심연
비참하다	기쁨이 마르고 남은 슬픔의 사막
비참하다	행복이라는 별이 사라진 밤하늘의 무덤
비참하다	내면의 폭풍 속 잃어버린 평화의 섬
비참하다	눈물로 쓴 절망의 시 마음의 페이지
비참하다	꿈이 무너져 내린 희망의 폐허
비참하다	감정의 바다에서 표류하는 외로움의 배
비참하다	추억의 정원을 짓밟는 슬픔의 잡초
비참하다	기쁨의 불꽃을 꺼트린 슬픔의 바람
비참하다	즐거움이 메마른 가슴 속 갈증의 사막
비참하다	기대의 꽃이 시들어간 낙담의 화원
비참하다	행복의 파도가 빠져나간 슬픔의 해변
비참하다	소망의 새가 날아간 공허의 하늘
비참하다	꿈의 빛이 꺼진 절망의 미로
비참하다	영혼을 에는 북극의 추위 같은 고독
비참하다	마음의 빛을 가린 슬픔의 구름
비참하다	기쁨의 멜로디가 사라진 슬픔의 정적
비참하다	인생의 길에서 헤매는 절망의 그림자
비참하다	희망의 별빛을 삼킨 암흑의 심해
서글프다	가을 비에 젖은 버려진 책갈피
서글프다	파도에 쓸려 나간 모래성의 눈물
서글프다	마지막 낙엽이 떨어진 고요한 숲속
서글프다	잊혀진 소원을 담은 별빛 속 신음
서글프다	텅 빈 거리 위 홀로 남은 그림자
서글프다	깊은 밤을 가로지르는 외로운 별빛 여행
서글프다	잠들지 못하는 달빛 아래의 속삭임
서글프다	꽃잎 사이로 스며든 이슬의 눈물
서글프다	떠나간 사랑의 향기가 머문 오래된 서랍
서글프다	무거운 하늘 아래 잊혀진 약속의 돌
서글프다	쓸쓸한 해변가에 남겨진 발자국의 회상
서글프다	어스름한 새벽 잠 못 이루는 기다림의 그림자
서글프다	시들어 가는 꽃에 맺힌 새벽녘의 이슬
서글프다	고요한 호수의 무심한 물결 속 침묵
서글프다	조용히 흐르는 강물 속 잃어버린 시간들
서글프다	바람에 흩어진 편지 속 미완성의 고백
서글프다	어둠 속에서 길을 잃은 샛별의 울음
서글프다	가을 하늘 아래 흩날리는 마음의 잎새
서글프다	깊은 밤 하늘의 별빛 아래 숨겨진 눈물
서글프다	긴 겨울밤을 홀로 걷는 그리움의 발걸음
서럽다	가슴 속에 숨겨진 폭풍의 눈물바다
서럽다	꿈을 삼킨 쓴맛의 어둠 속 공허함
서럽다	희망의 끈을 놓친 추락하는 별빛
서럽다	조용히 내리는 슬픔의 잿빛 눈송이
서럽다	마음 깊숙이 숨겨진 가시 돋친 추억
서럽다	상처 입은 영혼의 불타는 황혼
서럽다	무거운 한숨 속 잠긴 희미한 미소
서럽다	시린 바람에 흩어진 행복의 잔해
서럽다	깊은 밤 하늘의 외로운 별빛 절규
서럽다	얼어붙은 기대 속 허무한 깨짐
서럽다	잊혀진 꿈의 편린 속 숨겨진 아픔
서럽다	버려진 희망의 섬에서 울리는 절망의 메아리
서럽다	눈물로 쓴 마음의 무거운 짐
서럽다	사라진 웃음 뒤 숨겨진 슬픔의 그림자
서럽다	부서진 기대 위 걷는 유리조각 길
서럽다	조용한 절망의 밤 길 잃은 별
서럽다	가슴을 파고드는 회한의 차가운 칼날
서럽다	무너진 꿈의 파편 위 춤추는 절망
서럽다	소멸하는 희망의 불꽃 속 잊혀진 소원
서럽다	꺾인 기쁨의 꽃잎 흩날리는 슬픔의 꽃가루
서운하다	가을 바람에 떨어진 마지막 낙엽처럼
서운하다	잊혀진 소금기 맴도는 바다의 눈물
서운하다	달빛조차 잃어버린 밤하늘의 별빛
서운하다	길 잃은 구름이 몰고 온 폭풍의 시작
서운하다	마음속 깊이 숨겨진 녹슨 열쇠의 노래
서운하다	잔잔한 호수 위 흐릿한 반영의 속삭임
서운하다	빈 의자 하나 긴 기다림의 끝에서
서운하다	쓸쓸한 골목을 걷는 어스름한 그림자의 동행
서운하다	고요한 새벽 잊혀진 꿈의 회귀
서운하다	사라진 길 위 오래된 약속의 잔해
서운하다	시들어 가는 꽃잎 잊힌 사랑의 기억
서운하다	빗방울에 쓸려간 희미한 글씨의 아픔
서운하다	어둠 속 불안정한 촛불의 깜빡임
서운하다	거센 바람에 흔들리는 외로운 나무의 노래
서운하다	깊은 밤 적막한 별의 숨결
서운하다	흘러가는 강물 되돌릴 수 없는 시간의 속삭임
서운하다	파도에 쓸려 나간 모래성의 잔상
서운하다	무너진 담벼락 너머 잊혀진 이야기의 향기
서운하다	비틀거리는 새벽 안개 소멸하는 기억의 실루엣
서운하다	차가운 바람 속 불완전한 온기의 흔적
섭섭하다	가을 바람에 날리는 마지막 낙엽
섭섭하다	끝없는 사막의 마지막 오아시스
섭섭하다	꺼져가는 불꽃 속 마지막 빛줄기
섭섭하다	잊혀진 편지 속 오래된 인장
섭섭하다	채워지지 않는 컵의 마지막 한 방울
섭섭하다	고요한 밤의 외로운 별빛
섭섭하다	마른 하늘에 내리쬐는 차가운 달빛
섭섭하다	깊은 숲속 잊힌 오래된 나침반
섭섭하다	파도에 쓸려간 모래성의 마지막 흔적
섭섭하다	무거운 침묵 속 미세한 균열
섭섭하다	적막한 공터에 홀로 남은 그네
섭섭하다	빈 방에 메아리치는 고요한 외침
섭섭하다	서랍 속에 숨겨진 마지막 편지
섭섭하다	장막 뒤에 숨겨진 미완성의 그림
섭섭하다	비워진 거리의 마지막 가로등 불빛
섭섭하다	버려진 정원의 마지막 장미
섭섭하다	길 잃은 별의 먼 여행
섭섭하다	깊은 바다의 잠들지 않는 파도
섭섭하다	황혼에 묻힌 하루의 마지막 숨결
섭섭하다	고장 난 시계의 멈춘 시간
속상하다	가슴 속 장미가 가시로 변한 순간
속상하다	마음의 푸른 하늘이 회색 구름에 덮인 날
속상하다	기쁨의 노래가 슬픔의 애가로 바뀐 밤
속상하다	추억의 강물이 눈물의 폭포로 흐르는 시간
속상하다	희망의 씨앗이 절망의 돌에 막힌 경로
속상하다	내면의 태양이 갑자기 얼음으로 식어버린 저녁
속상하다	웃음의 빛이 슬픔의 그림자에 가려진 순간
속상하다	꿈의 날개가 현실의 철조망에 걸린 아침
속상하다	즐거움의 춤이 고독의 무대로 바뀐 장소
속상하다	행복의 꽃이 슬픔의 뿌리로 자라난 곳
속상하다	소망의 별이 절망의 구름에 가려진 밤
속상하다	마음의 새가 슬픔의 바람에 날개 접은 순간
속상하다	생각의 나무가 걱정의 늪에 빠진 사태
속상하다	기대의 하늘이 우울의 폭풍에 휩싸인 시기
속상하다	감정의 물결이 번뇌의 해안에 부딪힌 저녁
속상하다	사랑의 불꽃이 이별의 바람에 꺼진 순간
속상하다	존재의 빛이 상실의 어둠에 묻힌 시간
속상하다	소통의 다리가 오해의 강에 무너진 날
속상하다	자유의 나래가 근심의 새장에 갇힌 순간
속상하다	열정의 화산이 냉담의 빙하에 덮인 시점
슬프다	가을 비에 쓸쓸함이 녹아내린 풍경화
슬프다	깊은 밤의 별빛도 잃어버린 고요
슬프다	마음 깊은 곳에 숨겨진 회색 구름
슬프다	꿈에서도 떠나지 않는 그리움의 그림자
슬프다	새벽 안개 속 잊혀진 추억들의 무리
슬프다	빗속을 걷는 외로움의 실루엣
슬프다	시들어 가는 꽃처럼 흩어진 기대
슬프다	가슴 속 깊이 파인 회한의 협곡
슬프다	무거운 침묵에 감싸인 생각의 나무
슬프다	추억이 잠든 호수 위의 고요한 물결
슬프다	잊혀진 소리에 깃든 슬픔의 메아리
슬프다	저물녘 하늘에 스며든 그리움의 색채
슬프다	무너진 성의 잔해 속 잃어버린 웃음
슬프다	깊은 바다 속 잠긴 기억의 상자
슬프다	마음의 거울에 비친 외로운 그림자
슬프다	밤하늘 별빛 아래 쌓인 눈물의 언덕
슬프다	차가운 겨울바람에 흩날리는 기억의 조각들
슬프다	빛바랜 사진 속에 갇힌 시간의 속삭임
슬프다	허무에 물든 적막의 골짜기
슬프다	조용히 닫힌 문 뒤의 슬픈 화가
쓸쓸하다	가을 비에 잊힌 오래된 서정의 속삭임
쓸쓸하다	새벽 공기 속 머무는 외로운 달의 그림자
쓸쓸하다	잠 못 이루는 밤의 조용한 별빛 소리
쓸쓸하다	마음속 깊은 곳의 얼어붙은 기억의 호수
쓸쓸하다	빈 방에 메아리치는 고독한 시계의 째깍거림
쓸쓸하다	잊혀진 길 위에 피어난 쓸쓸함의 야생화
쓸쓸하다	황혼이 내리는 숲의 마지막 빛나는 눈물
쓸쓸하다	버려진 해변의 모래 위 외로움의 발자국
쓸쓸하다	무거운 하늘 아래 흘러가는 구름의 외침
쓸쓸하다	닫힌 문 너머 잃어버린 시간의 속삭임
쓸쓸하다	가슴속 깊이 숨겨진 상처받은 꿈의 조각들
쓸쓸하다	흐릿한 창가에 그려진 비에 젖은 추억의 그림
쓸쓸하다	끝없는 밤하늘 아래 떨어진 별의 외로움
쓸쓸하다	쓸쓸한 바람이 불어오는 텅 빈 거리의 소리
쓸쓸하다	차가운 벽에 기대어 혼자만의 생각의 그림자
쓸쓸하다	깊은 산 속 잊혀진 길의 고요한 숨결
쓸쓸하다	방황하는 마음의 길 잃은 나침반
쓸쓸하다	늦가을 해질녘 홀로 남은 나무의 슬픔
쓸쓸하다	부서지는 파도 속 잃어버린 희망의 조각
쓸쓸하다	마지막 잎새가 떨어지는 추억의 정원
애석하다	가을 노래가 된 여름의 마지막 숨결
애석하다	바람에 흩날리는 잊혀진 이름의 잔해
애석하다	쓸쓸한 밤하늘을 수놓는 별빛의 눈물
애석하다	장막 뒤에 숨은 웃음의 그림자
애석하다	고요한 호수 위를 떠도는 추억의 파편
애석하다	잊혀진 노래 가사처럼 사라진 희망의 빛
애석하다	마음속 깊이 파묻힌 미완성의 꿈들
애석하다	새벽의 안개처럼 스며든 회한의 정취
애석하다	꽃잎 사이로 스며드는 이별의 서리
애석하다	가을 바람에 흩어진 약속의 잎새
애석하다	쓸쓸함을 품은 달빛 아래의 그림자
애석하다	밤하늘을 가로지르는 유성의 눈물
애석하다	마음의 바다에서 표류하는 기억의 섬
애석하다	차가운 벽에 기대어 흐르는 시간의 속삭임
애석하다	깊은 숲속 잃어버린 길 위의 안개
애석하다	잔잔한 물결 속 숨겨진 비밀의 무늬
애석하다	어둠 속에서 길을 잃은 빛의 조각
애석하다	허공을 가르는 새벽의 첫 번째 숨결
애석하다	무너진 성의 벽에 남은 외로운 그림자
애석하다	추억의 강가에 묶인 슬픔의 배
외롭다	가을바람에 흩날리는 마지막 낙엽의 속삭임
외롭다	새벽녘 고요한 호수의 외로운 반영
외롭다	적막한 밤하늘에 빛나는 단 하나의 별빛
외롭다	잊혀진 언덕 위의 마지막 핀 꽃잎
외롭다	깊은 숲속 들리지 않는 외침의 메아리
외롭다	방황하는 구름 바다 위의 외로운 그림자
외롭다	무대 위 잊힌 조명 아래의 그림자
외롭다	닫힌 문 너머의 조용한 대화의 흔적
외롭다	쓸쓸한 도시 불 꺼진 창가의 빛
외롭다	끝없는 사막 발자국 사라지는 모래의 시간
외롭다	길 잃은 별 밤하늘의 무한한 침묵
외롭다	쓸쓸한 겨울밤 얼어붙은 호수의 눈물
외롭다	오래된 서가 먼지 쌓인 이야기의 숨결
외롭다	빈 공원의 벤치 잊혀진 대화의 잔상
외롭다	황혼에 물든 하늘 쓸쓸함의 색채
외롭다	파도에 삼켜진 해변의 외로운 발자국
외롭다	먼 여행자의 가방 이별의 무게를 담아
외롭다	고요한 밤 창문 너머의 외로운 달빛
외롭다	잠들지 못하는 도시 꺼진 불빛의 고독
외롭다	비틀거리는 초 시간의 끝에서 타는 외로움
우울하다	마음 속에 자라난 거미줄 같은 슬픔의 숲
우울하다	희망의 빛을 삼킨 검은 구멍의 심연
우울하다	기쁨을 씻어내는 회색 비의 연속
우울하다	행복을 빼앗는 쓸쓸함의 무거운 짐
우울하다	마음의 창을 가리는 먹구름의 장막
우울하다	내면의 불을 꺼트리는 슬픔의 바람
우울하다	삶의 화려함을 흐리게 하는 슬픔의 안개
우울하다	가슴 속 깊은 곳의 차가운 외로움의 호수
우울하다	꿈을 집어삼키는 절망의 검은 구렁텅이
우울하다	희망의 씨앗을 짓밟는 절망의 발자국
우울하다	기쁨의 불꽃을 끄는 눈물의 쓰나미
우울하다	생기를 앗아가는 우울의 무한 회전목마
우울하다	마음을 에는 얼음 같은 고독의 벽
우울하다	세상의 색을 흐리게 하는 기쁨의 잿빛
우울하다	추억을 파묻는 슬픔의 무덤
우울하다	행복의 꽃을 시들게 하는 우울의 서리
우울하다	삶의 멜로디를 잊게 하는 슬픔의 소음
우울하다	내면의 빛을 가리는 절망의 그림자
우울하다	마음을 좁히는 슬픔의 끈적한 거미줄
우울하다	영혼을 짓누르는 우울의 무거운 철문
처량하다	가을 끝자락에 홀로 남은 낙엽
처량하다	바람에 흔들리는 마지막 등불
처량하다	밤하늘의 외로운 별빛 어둠 속 깊이
처량하다	파도에 쓸려 나간 모래성의 기억
처량하다	깊은 산속 잊혀진 오래된 나무
처량하다	빗속을 헤매는 잃어버린 나비의 꿈
처량하다	새벽녘 텅 빈 거리의 고요한 숨결
처량하다	마음속 깊은 곳 숨겨진 깨진 거울
처량하다	어스름한 하늘 아래 잊혀진 돌담의 그림자
처량하다	짙은 안개 속 희미한 등대의 불빛
처량하다	한적한 호수에 떨어진 외로운 나뭇잎
처량하다	적막한 공터에 울려 퍼지는 고독한 메아리
처량하다	무거운 눈꽃 사이로 간신히 살아남은 새싹
처량하다	잊혀진 서랍 속 오래된 편지의 먼지
처량하다	차가운 겨울바람 속 숨겨진 눈물의 노래
처량하다	쓸쓸한 밤하늘을 가로지르는 총총한 별의 길
처량하다	시들어가는 꽃잎 사이로 비친 쓸쓸한 햇살
처량하다	망각의 바다에 가라앉은 추억의 조각배
처량하다	먼 과거 속 잃어버린 시간의 미로
처량하다	소리 없이 피어난 새벽의 고독한 이슬
처절하다	가시밭길을 걷는 마음의 신발
처절하다	밤하늘에 헤매는 외로운 별똥별
처절하다	바다 속 깊은 곳의 침묵한 진주
처절하다	폭풍우 치는 밤의 떨리는 등대
처절하다	잊혀진 숲 속의 마지막 낙엽
처절하다	거센 파도에 부서지는 모래성
처절하다	캄캄한 동굴 속의 메아리치는 외침
처절하다	불타는 사막의 갈증난 오아시스
처절하다	길 잃은 나그네의 흔들리는 나침반
처절하다	차가운 겨울바람 속의 얼어붙은 호수
처절하다	쓸쓸한 무대 위의 마지막 커튼콜
처절하다	잠 못 이루는 밤의 고독한 달빛
처절하다	허공을 향해 소리쳐도 돌아오지 않는 메아리
처절하다	흐린 하늘 아래 무색한 무지개
처절하다	깊은 어둠 속에서 길을 잃은 빛
처절하다	장막 뒤에 숨겨진 눈물 젖은 미소
처절하다	잿빛 도시에서의 색 바랜 꿈
처절하다	무너진 성의 잊혀진 왕좌
처절하다	끝없는 사막에서 방향을 잃은 나침반
처절하다	깊은 겨울밤의 긴 그림자 속 숨결
처참하다	가시밭길을 맨발로 걷는 내면의 여정
처참하다	폭풍우 치는 바다에서 표류하는 마음의 배
처참하다	까마득한 절벽 끝에 선 감정의 나락
처참하다	거미줄에 갇힌 나비처럼 허우적대는 심경
처참하다	가을 비에 쓸려 내려가는 추억의 잎새
처참하다	깊은 밤하늘의 별빛조차 잃어버린 마음의 공허
처참하다	거센 바람에 흔들리는 마음의 등불
처참하다	마른 사막을 헤매는 영혼의 갈증
처참하다	꽁꽁 언 호수 위를 걷는 심리의 빙판
처참하다	허무한 울림만 남긴 고요한 마음의 소리
처참하다	잿빛 하늘 아래 버려진 희망의 화원
처참하다	깊은 숲 속 길 잃은 생각의 미로
처참하다	차가운 겨울바람 속 울리는 외로움의 노래
처참하다	밤하늘의 별들조차 숨죽인 슬픔의 어둠
처참하다	짙은 안개 속 길을 잃은 마음의 등대
처참하다	고요한 호수에 던진 돌 파문처럼 퍼지는 고독
처참하다	끝없는 사막에서 모래알처럼 흩어지는 기억의 조각
처참하다	어두운 숲 속 빛을 잃은 희망의 나침반
처참하다	무너진 성의 잔해 위에 홀로 선 슬픔의 왕좌
처참하다	쓰러진 나무처럼 뿌리 뽑힌 내면의 안정
허무하다	바람에 흩날리는 가을 잎의 속삭임
허무하다	쓸쓸한 달빛 아래 잊혀진 그림자의 노래
허무하다	깊은 밤 빛을 잃은 별빛의 울음
허무하다	거울 속 흐릿한 반영 기억의 조각들
허무하다	새벽녘 끝나지 않는 길 위의 외로움
허무하다	잊혀진 시간 속 먼지 쌓인 추억의 상자
허무하다	마지막 잎새의 작별 겨울의 시작
허무하다	무거운 침묵 속 숨겨진 마음의 깊이
허무하다	빈 방 메아리치는 고독의 소리
허무하다	깨어진 시계 멈춰버린 순간의 고요
허무하다	적막한 해변 물러가는 파도의 아픔
허무하다	흘러가는 강물처럼 지나간 사랑의 기억
허무하다	어둠 속에서 헤매는 빛나지 않는 별
허무하다	창밖을 내다보는 비에 젖은 꽃의 슬픔
허무하다	빈 책장 잊혀진 이야기의 집
허무하다	무대 위 잊혀진 가면 공연의 끝
허무하다	저물어가는 해 길 잃은 그림자의 춤
허무하다	조용한 도서관 읽히지 않는 책들의 숨결
허무하다	헛된 기다림 끝나지 않는 비의 약속
허무하다	불 꺼진 등대 길 잃은 배의 꿈
허전하다	가을 바람에 날리는 마지막 낙엽
허전하다	밤하늘을 가로지르는 별빛의 깜박임
허전하다	채워지지 않는 깊은 우물 속 메아리
허전하다	텅 빈 방에 울리는 고독한 발자국 소리
허전하다	바다의 한가운데 떠 있는 무인도
허전하다	잊혀진 책갈피 속 잠든 추억들
허전하다	마음속 깊은 곳에 숨겨진 빈자리
허전하다	지나간 여름의 마지막 미련
허전하다	까마득한 어둠 속 빛나는 한 줄기 빛
허전하다	끝없는 사막 속 오아시스의 그림자
허전하다	조용히 흐르는 강물에 반영된 외로운 달빛
허전하다	잠시 멈춘 시계의 무언의 초대
허전하다	메아리치는 공허함 속 숨겨진 외침
허전하다	황혼 빛에 물든 저녁 하늘의 적막
허전하다	버려진 놀이터의 쓸쓸한 그네
허전하다	무성한 숲 속 잊혀진 오솔길
허전하다	밤을 새워가며 기다리는 새벽의 고요
허전하다	흐린 유리창 너머 보이는 희미한 세계
허전하다	떠나간 이의 빈자리를 간직한 벤치
허전하다	어느 늦가을 저녁의 긴 그림자
허탈하다	가을 바람에 날리는 마지막 낙엽
허탈하다	깊은 밤 하늘의 마지막 별빛
허탈하다	깨진 유리잔 아래 숨은 희망의 조각
허탈하다	텅 빈 방안에 메아리치는 외로운 속삭임
허탈하다	잊혀진 선율 위에 쓰러진 마지막 노트
허탈하다	말라버린 강물 속 잃어버린 반짝임
허탈하다	잠시 머물다 사라진 새벽의 안개
허탈하다	무대 위 퇴장하는 마지막 배우
허탈하다	쓸쓸한 해변가의 남겨진 발자국
허탈하다	황혼 빛 가운데 사라지는 그림자
허탈하다	꺼져가는 불빛 아래 잊힌 약속
허탈하다	마르지 않는 눈물 속 숨겨진 미소
허탈하다	차가운 벽에 기대는 그리운 기억
허탈하다	책장 속 잊혀진 이야기의 마지막 장
허탈하다	어둠 속을 헤매는 촛불의 끝
허탈하다	버려진 편지 속 숨겨진 마음의 조각
허탈하다	빈 공원의 벤치 남겨진 시간의 흔적
허탈하다	꺼진 화로 주변의 차가운 재
허탈하다	꽃잎이 지는 소리 잊혀진 계절의 끝
허탈하다	파도에 쓸려간 모래성의 마지막 윤곽
안쓰럽다	가을 비에 젖은 버려진 책갈피
안쓰럽다	마지막 낙엽이 바람에 휩쓸린 소리
안쓰럽다	잊혀진 동화책 속 잠든 공주의 꿈
안쓰럽다	텅 빈 극장에 울려 퍼지는 에코
안쓰럽다	홀로 남겨진 장난감의 먼지 쌓인 웃음
안쓰럽다	잠 못 이루는 밤의 쓸쓸한 달빛
안쓰럽다	고장 난 시계 속 멈춘 시간의 속삭임
안쓰럽다	무대 뒤에서 잊혀진 배우의 눈물
안쓰럽다	쓰러진 나무에 기대어 우는 가을 하늘
안쓰럽다	깊은 밤 불 꺼진 창가의 외로운 그림자
안쓰럽다	폐허가 된 놀이공원의 쓸쓸한 회전목마
안쓰럽다	비어있는 편지지 위의 눈물 자국
안쓰럽다	빈 방에 메아리치는 오래된 노래의 가사
안쓰럽다	새벽 길에 홀로 피어난 꽃의 외침
안쓰럽다	버려진 해변의 잊혀진 발자국 이야기
안쓰럽다	고요한 호수에 떨어진 마지막 꽃잎
안쓰럽다	허물어진 성의 숨겨진 비밀의 속삭임
안쓰럽다	소나기 후 무지개 뒤의 잊혀진 그림자
안쓰럽다	깊은 숲속 잃어버린 나침반의 방향
안쓰럽다	어둠 속에서 길을 잃은 별의 빛나는 눈물
애잔하다	가을 노을에 스며든 마지막 한 줄기 빛
애잔하다	잊혀진 서랍 속 희미한 기억의 향기
애잔하다	텅 빈 거리에서 울리는 외로운 발자국 소리
애잔하다	빗물에 씻긴 창문 너머의 흐릿한 세상
애잔하다	잠 못 이루는 밤의 깊은 숨결
애잔하다	마지막 장을 넘기는 책의 무거운 침묵
애잔하다	저무는 해변가의 긴 그림자와 함께 사라지는 발자국
애잔하다	고요한 밤하늘을 가로지르는 별똥별의 잠깐의 빛
애잔하다	조용히 내리는 눈 속 숨겨진 겨울의 한숨
애잔하다	물감이 번진 화폭 속에 갇힌 아련한 추억
애잔하다	떠나간 사랑의 뒤안길에 피어난 외로운 꽃
애잔하다	시들어 가는 꽃잎 사이로 스며드는 아침의 이슬
애잔하다	마음 한 켠에 쌓인 먼지처럼 남은 기억
애잔하다	깨진 유리잔에 비친 쓸쓸한 달빛의 조각들
애잔하다	가을 바람에 흩날리는 마지막 낙엽의 속삭임
애잔하다	조용한 호수를 가르는 배의 뒤끝나는 물결
애잔하다	이별의 문턱에서 뒤돌아본 희미한 그림자
애잔하다	먼 곳으로 사라지는 기차 소리에 담긴 쓸쓸함
애잔하다	눈물에 얼룩진 일기장 속 숨겨진 비밀
애잔하다	오래된 사진 속에서 미소 짓는 기억의 파편
공허하다	가을 바람에 흩날리는 마지막 낙엽
공허하다	파도에 쓸려간 해변의 모래성
공허하다	깊은 밤하늘의 잊혀진 별빛
공허하다	빈 방에 메아리치는 외로운 발걸음
공허하다	채워지지 않는 깊은 우물 속 물방울
공허하다	잊혀진 도서관의 먼지 쌓인 책장
공허하다	마른 하늘에 울리는 먼 번개 소리
공허하다	추억의 상자 속 희미해진 사진
공허하다	끝없는 사막의 외로운 오아시스
공허하다	고장 난 시계의 멈춘 초침
공허하다	버려진 공원의 쓸쓸한 놀이터
공허하다	새벽 길을 잃은 안개
공허하다	잠들지 못하는 도시의 적막한 거리
공허하다	건조한 강바닥의 갈라진 흙
공허하다	텅 빈 극장의 에코
공허하다	어둠 속에서 길을 잃은 빛
공허하다	오래된 편지의 바랜 글씨
공허하다	무너진 다리 아래 흐르는 물
공허하다	조용한 숲의 고요한 나무
공허하다	차가운 아침 공기의 숨겨진 속삭임
걱정스럽다	마음속의 폭풍이 쉬지 않는 바다
걱정스럽다	걱정의 무게로 꺾이는 가지
걱정스럽다	밤을 삼키는 불안의 그림자
걱정스럽다	시간 속에 잠긴 두려움의 모래시계
걱정스럽다	소용돌이치는 생각의 미로
걱정스럽다	끝없는 걱정의 회오리바람
걱정스럽다	불확실성에 휘감긴 생각의 덩굴
걱정스럽다	심장을 조이는 두려움의 끈
걱정스럽다	깊은 밤의 불안한 별빛
걱정스럽다	머리를 메우는 걱정의 안개
걱정스럽다	내일을 예측할 수 없는 조류
걱정스럽다	마음을 파고드는 회의의 벌레
걱정스럽다	눈앞을 가리는 불안의 장막
걱정스럽다	짙어지는 걱정의 그림자
걱정스럽다	마음의 평화를 앗아가는 공포의 새
걱정스럽다	미래를 향한 두려움의 다리
걱정스럽다	안개 속을 헤매는 결정의 나침반
걱정스럽다	조용히 자라는 불안의 씨앗
걱정스럽다	걱정으로 얼룩진 마음의 캔버스
걱정스럽다	무거운 생각의 체인
고민스럽다	꿈틀대는 의심의 실루엣
고민스럽다	기대를 짓누르는 의구심의 암석
고민스럽다	마음의 겨울을 부르는 고민의 서리
고민스럽다	감정의 바다에 떠도는 불확실의 섬
고민스럽다	빛을 가로막는 우려의 구름
고민스럽다	숨을 막히게 하는 걱정의 베일
고민스럽다	심연으로 끌어당기는 회의의 소용돌이
고민스럽다	감정의 공중을 나는 불안의 화살
고민스럽다	마음의 빛을 흐리게 하는 의문의 안개
고민스럽다	기쁨의 강을 막는 걱정의 댐
고민스럽다	미래의 길을 가로막는 두려움의 장벽
고민스럽다	감정의 숲에서 길을 잃는 의심의 그늘
고민스럽다	희망의 불씨를 꺼트리는 고민의 물결
고민스럽다	마음을 에는 회의의 찬바람
고민스럽다	감정의 천장에 매달린 우려의 샹들리에
고민스럽다	꿈의 저편을 가리는 의구심의 안개
고민스럽다	영혼을 짓누르는 고민의 압박
고민스럽다	내면의 정원을 황폐하게 하는 걱정의 가시
고민스럽다	끝을 모르는 불안의 터널
고민스럽다	마음의 틈을 넓히는 의심의 쐐기
불안하다	마음 속에 폭풍이 몰아치는 해일
불안하다	생각의 숲에서 길을 잃은 나그네
불안하다	끝없는 회색 하늘 아래의 방랑자
불안하다	안개 속에 숨은 미래의 그림자
불안하다	밤하늘에 떠도는 별빛 없는 유랑자
불안하다	가슴 속 깊은 곳의 잠들지 않는 용암
불안하다	불확실한 땅 위에 선 흔들리는 다리
불안하다	어둠 속에서 방향을 잃은 나침반
불안하다	무거운 구름에 가려진 새벽의 희망
불안하다	짙은 안개에 휩싸인 산맥의 정상
불안하다	거센 바람에 흔들리는 뿌리 없는 나무
불안하다	차가운 바다에서 표류하는 외로운 배
불안하다	깊은 어둠 속 빛을 찾는 탐험가
불안하다	무너진 다리 위의 조심스러운 발걸음
불안하다	불확실한 미래를 향한 무거운 한숨
불안하다	시계 소리에 쫓기는 시간의 포로
불안하다	꿈과 현실 사이의 얇은 경계선
불안하다	흔들리는 불꽃 앞의 어린 아이
불안하다	갈피를 잡지 못한 생각의 미로
불안하다	가시밭길을 걷는 맨발의 여행자
초조하다	마음이 파도에 휩쓸린 조각배
초조하다	기다림 속에 갇힌 시계의 초침
초조하다	생각의 미로에서 길을 잃은 여행자
초조하다	불안의 바람에 흔들리는 양귀비 꽃잎
초조하다	걱정의 강을 건너는 흔들리는 다리
초조하다	의심의 숲에서 방향을 잃은 나침반
초조하다	초조함에 발을 동동 구르는 무용수
초조하다	기대와 두려움의 줄타기를 하는 곡예사
초조하다	미래의 안개 속을 헤매는 등대
초조하다	시간의 모래사장에서 발자국을 찾는 탐험가
초조하다	마음의 폭풍우 속을 항해하는 선장
초조하다	끝없는 기다림의 복도를 걷는 환자
초조하다	불확실성의 체스판에서 말을 놓는 체스 마스터
초조하다	두려움의 산맥을 넘는 용감한 등산가
초조하다	기대와 긴장의 줄에 매달린 저울
초조하다	불안의 숲속에서 길을 찾는 사슴
초조하다	미래의 미로에서 출구를 찾는 해결사
초조하다	걱정의 늪에서 빠져나오려는 모험가
초조하다	초조함의 화산에서 용암을 피하는 주민
초조하다	두려움의 바다에서 항로를 찾는 선원
두렵다	그림자 속에 숨어 우는 어린 아이의 소리
두렵다	바다의 폭풍처럼 몰아치는 심장의 고동
두렵다	새벽 안개에 흐릿하게 사라지는 길의 끝
두렵다	가시덤불 속 길 잃은 노루의 눈빛
두렵다	얼어붙은 호수 위 빙판을 걷는 발걸음
두렵다	깊은 숲 속 길을 잃은 여행자의 심장소리
두렵다	절벽 끝에서 불어오는 차가운 바람의 속삭임
두렵다	황혼 때 빈 집에서 들리는 삐걱거리는 마룻바닥
두렵다	촛불 하나로 어둠을 밝히려는 손의 떨림
두렵다	꿈속에서 길을 잃고 헤매는 무한의 미로
두렵다	캄캄한 밤하늘에 빛나는 별 하나의 외로움
두렵다	폭풍우 치는 밤 창문을 두드리는 빗방울의 노래
두렵다	장막 뒤에 숨겨진 무대 위의 첫 발걸음
두렵다	새벽녘 어둠을 뚫고 피어오르는 희미한 빛
두렵다	거미줄에 걸린 나비의 마지막 날갯짓
두렵다	흔들리는 다리 위에서 느끼는 발밑의 공허
두렵다	고요한 밤 적막을 깨는 시계의 째깍거림
두렵다	짙은 안개 속에서 길을 잃은 나침반의 방향
두렵다	옛날 이야기 속에 잠든 괴물의 깨어남
두렵다	불확실한 미래 속 흔들리는 희망의 등불
무섭다	마음 속 깊은 곳의 얼음장 같은 공포
무섭다	밤하늘을 가르는 번개처럼 찾아온 두려움
무섭다	숲 속 어둠을 헤치며 다가오는 의심의 그림자
무섭다	흔들리는 촛불빛 아래 숨어 있는 불안의 실루엣
무섭다	가슴을 조여오는 죽음의 손아귀 같은 공포
무섭다	목을 조르는 숨 막히는 불확실성의 덩굴
무섭다	영혼을 파고드는 추운 겨울바람 같은 절망
무섭다	무거운 망토처럼 어깨를 짓누르는 책임의 무게
무섭다	심해의 어둠 속을 헤매는 불안정의 미로
무섭다	새벽녘 가장 어두운 시간처럼 내리는 두려움의 안개
무섭다	잠 못 드는 밤을 유영하는 걱정의 해파리
무섭다	고요한 호수에 던져진 돌처럼 파문을 일으키는 스트레스
무섭다	허공을 맴도는 미아된 소망의 유령
무섭다	붉은 달 아래 춤추는 두려움의 그림자극
무섭다	잊혀진 폐허에서 울리는 외로움의 메아리
무섭다	불타는 사막의 모래바람처럼 거친 걱정의 소용돌이
무섭다	시계탑의 종소리처럼 마음을 울리는 죄책감의 울림
무섭다	빗속을 헤매는 길 잃은 생각의 낙오자
무섭다	얼어붙은 호수 위를 걷는 실존의 불안정함
무섭다	깊은 바다 속 잠식되는 희망의 잔해
화나다	폭풍처럼 소용돌이치는 내 마음의 해일
화나다	마음속에 자라는 분노의 잡초
화나다	화산처럼 분출하는 감정의 용암
화나다	깊은 숲속 분노의 불길
화나다	감정의 바다에서 파도치는 분노
화나다	천둥과 번개 같은 마음의 소리
화나다	격렬한 바람 속 분노의 잎새
화나다	마음 깊은 곳의 분노 씨앗
화나다	얼음장처럼 차가운 분노의 침묵
화나다	밤하늘의 번개처럼 번쩍이는 화
화나다	휘몰아치는 폭풍의 눈 나의 분노
화나다	차오르는 감정의 홍수 마음의 범람
화나다	불타는 숲처럼 활활 타오르는 분노
화나다	짙은 안개 속 숨겨진 분노의 그림자
화나다	분노의 감정 깊은 우물에 빠진 돌
화나다	어둠 속에서 번뜩이는 분노의 불꽃
화나다	분노라는 감정의 광풍 마음을 휩쓸어버림
화나다	마음의 사막에서 타오르는 분노의 불기둥
화나다	내면의 격동 분노의 파도에 휩싸인 배
화나다	새벽녘 어스름에 숨겨진 분노의 싹
억울하다	밤하늘의 별빛 아래 묻혀진 억울한 신음
억울하다	새장에 갇힌 폭풍의 숨결
억울하다	깊은 바다에 가라앉은 태양의 외침
억울하다	꽁꽁 언 눈 속에 갇힌 풀잎
억울하다	무거운 하늘 아래 갇힌 숨
억울하다	칼바람에 흔들리는 나뭇잎의 절규
억울하다	끝없는 사막에서 헤매는 나그네의 절망
억울하다	찢어진 날개를 가진 새의 절망적인 날갯짓
억울하다	텅 빈 캔버스에 묻은 눈물 그려지지 못한 그림
억울하다	바람에 흩어진 소리 없는 외침
억울하다	봄날에 시든 꽃봉오리 피어나지 못한 아름다움
억울하다	눈에 보이지 않는 체인에 묶인 자유
억울하다	얼음장 같은 침묵 속 터져 나오는 불꽃
억울하다	불타는 숲 속의 재가 되어버린 희망
억울하다	철조망 너머 펼쳐진 금지된 꿈
억울하다	밤하늘 별똥별 떨어지지 못한 아픔
억울하다	바닷속 고래 노래 닿지 못한 슬픔
억울하다	잿빛 하늘 아래 밀려오는 부당한 파도
억울하다	흐르는 강물에 씻겨가는 모래
억울하다	바람에 날리는 편지의 미완성된 마음
역겹다	마음속 깊은 곳의 썩은 물웅덩이
역겹다	생각의 뒤틀린 가시덤불 속에서
역겹다	감정의 부패한 과일처럼 진동하는 증오
역겹다	미움이 깔린 정서의 불타는 잔해들
역겹다	슬픔이 얼룩진 영혼의 낡은 벽지
역겹다	기쁨이 사라진 마음의 폐허된 도서관
역겹다	비웃음 속에 숨겨진 감정의 불편한 의자
역겹다	불신의 어둠에 빠진 생각의 오래된 지하실
역겹다	실망이 자라난 감정의 마른 정원
역겹다	썩은 달걀 냄새가 스며든 폐허
역겹다	독기가 가득한 썩은 시체
역겹다	악취나는 꽃잎처럼 불쾌한 마음의 향기
역겹다	꿈속의 악몽 같은 불쾌한 가시덤불
역겹다	내 마음을 덮은 불쾌한 물감의 그림
역겹다	아름다운 꽃 위에 낀 불쾌한 거미줄
역겹다	배신감으로 얼룩진 신뢰의 백지장
역겹다	허무한 미래를 가리키는 역겨운 손가락
역겹다	불쾌한 감정이 새겨진 가슴의 깊은 자국
역겹다	신선한 고기에 벌레가 붙은 속씨름
역겹다	자유를 가로막는 역겨운 새장의 철창
짜증나다	뒤엉킨 실타래처럼 복잡한 감정
짜증나다	흐린 하늘 아래 번개처럼 찌르는 불만
짜증나다	쓰라린 커피잔 매번 삼키기 어려운 쓴맛
짜증나다	가시 돋친 말들 마음의 벽을 긁어내는 손톱
짜증나다	불평등한 체스게임의 패배감
짜증나다	북소리 같은 심장 박동 끊임없는 불협화음
짜증나다	바람에 흩어지는 미세먼지의 분노
짜증나다	무거운 짐을 나르는 동물의 고단함
짜증나다	깨진 유리처럼 날카로운 말의 조각들
짜증나다	잡힐 듯 말듯 한 안개 해결되지 않는 문제
짜증나다	흘러내린 물감 흐트러진 감정의 색채
짜증나다	끊임없이 짖는 개의 소리
짜증나다	천천히 타는 초 시간과 함께 사라지는 인내
짜증나다	거친 바다 위 노를 젓는 힘겨움
짜증나다	풀리지 않는 노트 복잡한 마음의 실타래
짜증나다	부서지는 파도 가슴속 깊이 충돌하는 감정
짜증나다	눈물로 적신 편지 말로 표현할 수 없는 아픔
짜증나다	조용한 밤의 외침 들리지 않는 절규
짜증나다	꽉 막힌 길 어디로도 나아가지 못하는 불안
짜증나다	찢어진 책 페이지 잃어버린 이해와 인내
당황스럽다	소매치기에게 걸린 마음의 지갑
당황스럽다	갑작스럽게 찾아온 폭풍우 속의 나침반
당황스럽다	비틀거리는 감정의 무너진 다리
당황스럽다	깨진 유리잔처럼 흩어진 평온의 조각들
당황스럽다	고요한 호수에 던져진 돌멩이의 파문
당황스럽다	어둠 속에서 길을 잃은 별빛의 방황
당황스럽다	길 잃은 생각들의 미로 속 고립
당황스럽다	무대 위로 갑자기 불려난 배우의 떨림
당황스럽다	손끝에서 사라져가는 모래성 같은 확신
당황스럽다	숲 속 깊은 곳에 홀로 남겨진 미아의 심정
당황스럽다	익숙함과 낯섦 사이의 미묘한 경계
당황스럽다	흔들리는 다리 위의 불안정한 걸음걸이
당황스럽다	잔잔한 물에 던진 돌의 출렁임
당황스럽다	삶의 회전목마 위의 불안정한 균형
당황스럽다	짙은 안개 속에서 방향을 잃은 나침반
당황스럽다	새벽녘 어스름 속에서 길을 잃은 여행자
당황스럽다	사라진 확신 뒤의 흐릿한 그림자
당황스럽다	밤하늘의 별처럼 흩어진 조각난 소망
당황스럽다	기대가 깨져버린 꿈의 조각들
당황스럽다	눈 앞에서 펼쳐진 미로 속의 길잃은 생각들
혼란스럽다	감정의 격랑 속에 빠진 난파선
혼란스럽다	생각의 미로에서 길을 잃은 나그네
혼란스럽다	마음의 폭풍우 속에 휘청거리는 배
혼란스럽다	혼란의 숲에서 방향을 잃은 나침반
혼란스럽다	감정의 소용돌이에 휩쓸린 나뭇잎
혼란스럽다	불안의 파도에 휘말린 작은 보트
혼란스럽다	생각의 짙은 안개에 갇힌 등대
혼란스럽다	마음의 깊은 우물에 빠진 돌멩이
혼란스럽다	먼 행성에서 온 불가사의한 방문객
혼란스럽다	혼란의 늪에 발이 묶인 사슴
혼란스럽다	가을 구름처럼 변덕스러운 날씨의 무늬
혼란스럽다	생각의 폭포에 휩싸인 나비
혼란스럽다	감정의 사막에서 길을 잃은 여행자
혼란스럽다	혼란의 고리에 갇힌 진주
혼란스럽다	마음의 지진에 흔들리는 집
혼란스럽다	감정의 갈라진 대지에 서 있는 나무
혼란스럽다	혼란의 바다에서 표류하는 유령선
혼란스럽다	마음의 얼음판에서 미끄러진 펭귄
혼란스럽다	불특정하게 바뀌어가는 그림자
혼란스럽다	감정의 늪지대에서 길을 잃은 탐험가
미안하다	가슴 속에 남은 우울한 노래의 가사
미안하다	잊혀진 약속들의 무거운 그림자들
미안하다	마음의 창을 두드리는 비의 속삭임
미안하다	깨진 유리처럼 흩어진 미안함의 조각들
미안하다	눈물 속에 반영된 슬픈 달의 위로
미안하다	잠 못 이루는 밤의 고독한 심연
미안하다	불완전한 다리 위를 걷는 사과의 무게
미안하다	눈물로 쓴 마음의 편지
미안하다	쓸쓸한 바람에 실린 회한의 멜로디
미안하다	눈물은 미안함의 가장 애절한 편지
미안하다	잃어버린 시간 속에 감춰진 눈물의 강
미안하다	서툰 손짓으로 쓰여진 이별의 편지
미안하다	가을 하늘 아래 떨어진 한 잎의 사죄
미안하다	어둠 속에서 길을 잃은 사과의 나침반
미안하다	흐릿한 빛 속에 가려진 진심의 실루엣
미안하다	붉은 노을에 묻힌 슬픔의 색채들
미안하다	깊은 숲속 잊혀진 길 위의 미련
미안하다	바람에 흩날리는 마음의 잔해들
미안하다	얼룩진 기억 위에 쌓인 후회의 눈
미안하다	시간의 모래 속에 파묻힌 용서의 꽃
밉다	마음속 불쾌함은 썩은 나무처럼 부서짐
밉다	너에 대한 증오는 밀폐된 병 속 발효된 와인
밉다	냉담한 시선은 겨울 밤의 얼어붙은 호수
밉다	마음을 굳게 만드는 차가운 얼음
밉다	미움은 숨길 수 없는 불길한 그림자
밉다	네게 느끼는 거부감은 진흙탕에 빠진 꽃잎
밉다	속삭임 속 적대감은 쓰디쓴 약초의 맛
밉다	눈빛 속 차가운 미움은 겨울바람에 흩날리는 눈송이
밉다	쓴맛만 남은 까맣게 탄 빵
밉다	실망은 무거운 구름처럼 가슴을 짓누름
밉다	배신감은 날카로운 가시처럼 피부를 찌름
밉다	슬픈 미움은 가을 빗줄기에 스며든 낙엽
밉다	네가 남긴 상처는 마음속에 박힌 쇠조각
밉다	당신에 대한 혐오는 질긴 덩굴로 다리를 옭아맴
밉다	끓어오르는 증오는 방치된 정원의 잡초
밉다	비난의 말은 산산조각난 유리창 같음
밉다	흐르는 강물처럼 끝없는 미움
밉다	입 안을 찌르는 쓰디쓴 다크 초콜릿
밉다	거부감은 차가운 겨울바람에 날리는 건조한 잎사귀
밉다	실망은 흐릿한 안개 속에 잠긴 다리
민망하다	빨간 얼굴 뜨거운 여름날의 햇살처럼
민망하다	말을 잃은 순간 깨진 유리잔 같아
민망하다	빨간 풍선처럼 부풀어 오른 민망함
민망하다	눈을 피하는 시선 어둠 속 깜빡이는 반딧불이
민망하다	입술 떨림 겨울바람에 흔들리는 맨발의 나뭇가지
민망하다	마음의 떨림 표류하는 빙산의 조용한 움직임
민망하다	말문이 막힌 채 깊은 바다의 침묵
민망하다	가슴 속 깊은 곳에 열린 보물상자
민망하다	고개 숙인 채 가을 끝자락의 지는 해
민망하다	부끄러움의 열기 사막의 모래 위 피어오르는 기적
민망하다	물안경 뒤에 숨어버린 물고기
민망하다	어색한 웃음 잊혀진 앨범 속 먼지 쌓인 사진
민망하다	갑작스러운 침묵 고요한 호수의 무거운 안개
민망하다	눈길을 피함 숲속 길 잃은 나그네
민망하다	창피함에 빠짐 겨울 첫눈에 발자국
민망하다	목소리의 떨림 봄바람에 흔들리는 어린 잎새
민망하다	가슴의 두근거림 멀리서 들려오는 벼락의 울림
민망하다	물속에 퍼져버린 민망함이라는 물감
민망하다	손가락 끝의 부끄러움 새벽녘 꽃잎에 맺힌 이슬
민망하다	잠 못 이루는 밤에 쳐다보는 천장
부끄럽다	부끄러움이 눈송이처럼 조용히 녹아내린 감정
부끄럽다	그녀의 뺨에 핀 붉은 장미
부끄럽다	그의 눈빛 앞에 붉어진 주전자
부끄럽다	말 없는 고백 얼굴에 번진 부끄러움의 그림자
부끄럽다	숨길 수 없는 감정 가을 단풍처럼 드러난 부끄러움
부끄럽다	봄바람에 흩날리는 소녀의 벚꽃잎
부끄럽다	그녀 앞에서 나는 춤추지 못하는 발레리나의 슬픔
부끄럽다	부끄러움이 파도처럼 밀려와 마음의 해변을 적셔
부끄럽다	마음속 깊이 숨겨진 부끄러움 잊혀진 보물상자
부끄럽다	첫사랑의 기억처럼 달콤하고 아픈 부끄러움의 감촉
부끄럽다	그의 눈빛에 반응하는 숲속의 붉은 반딧불이
부끄럽다	부끄러움을 감춘 채 피어난 겨울의 마지막 장미
부끄럽다	책장을 넘기는 손길처럼 조심스러운 부끄러움의 질감
부끄럽다	부끄러움이 창문 너머 노을처럼 스미는 순간
부끄럽다	깊은 바다처럼 신비로운 말 못 할 부끄러움
부끄럽다	가을 바람에 흩날리는 낙엽처럼 부서지는 부끄러움
부끄럽다	얼음처럼 차갑지만 속삭임에 녹아내리는 부끄러움
부끄럽다	순간의 반짝임 별빛 같은 부끄러움의 빛나는 순간
부끄럽다	부끄러움이 깊은 숲의 비밀처럼 숨겨진 이야기
부끄럽다	그의 이름을 부를 때 내 입술은 말라붙은 잉크
수줍다	봄꽃 아래 숨은 이슬방울
수줍다	마음 깊숙한 곳에 숨겨진 오래된 서신
수줍다	첫눈처럼 순수한 그러나 잠시 머물다 사라지는 수줍음
수줍다	그의 눈빛은 겨울 해질녘 빛바랜 풍경화
수줍다	서툴게 피어난 첫 꽃처럼 어색한 그러나 아름다운 감정
수줍다	모닥불 옆에 앉아 천천히 이야기를 나누는 밤의 정적
수줍다	부끄러움의 무게를 견디는 고개 숙인 꽃잎
수줍다	어린 아이의 손길처럼 세상을 향한 미약하지만 순수한 기대
수줍다	캔버스에 처음 덧칠된 색처럼 조심스레 펼쳐지는 희망의 물감
수줍다	헌 책 속에서 발견된 오래된 사랑의 편지 한 장
수줍다	겨울 바람 속에서 떨리는 마지막 낙엽 같은 수줍음
수줍다	초롱꽃 한 송이 산길의 조용한 구석에서
수줍다	달빛 아래 조용히 빛나는 별똥별 같은
수줍다	어둠 속에서 반짝이는 별빛에 담긴 조심스러운 빛
수줍다	초롱초롱 빛나는 이슬 위의 아침 햇살처럼 조심스러움
수줍다	초저녁 어스름 마을을 감싸는 부드러운 안개
수줍다	어린 새싹 봄 햇살 아래 조심스레 기지개
수줍다	마음 깊숙한 곳에 숨겨진 오래된 기억의 상자
수줍다	작은 언덕 위 바람에 살짝 흔들리는 꽃잎
수줍다	잔잔한 호수위로 흩날리는 그대의 수줍음
쑥스럽다	새벽 빛처럼 부서지기 쉬운 내 마음 산들바람
쑥스럽다	첫 눈처럼 내린 떨림 순수한 설렘
쑥스럽다	겨울 아침의 첫 눈결과 같은 마음의 떨림
쑥스럽다	가을 바람에 흔들리는 낙엽과 같은 첫 만남의 떨림
쑥스럽다	봄비에 피어난 꽃망울 잠자던 기대
쑥스럽다	벚꽃 흩날리는 봄날과도 같은 그녀의 웃음
쑥스럽다	달빛 아래 부끄러움 가득한 밤 조용한 고백
쑥스럽다	햇살 속에 반짝이는 이슬 아침의 약속
쑥스럽다	겨울밤 별빛처럼 반짝이는 눈동자 순수한 마음
쑥스럽다	얼굴에 핀 가장 아름다운 꽃
쑥스럽다	촛불 하나에 살며시 움츠린 그림자 온기의 속삭임
쑥스럽다	붉게 물든 단풍잎처럼 부끄러움이 타오르는 순간
쑥스럽다	조용한 호수의 파문처럼 소리 없이 퍼지는 수줍음
쑥스럽다	해질 녘 노을처럼 부드럽게 번지는 그녀의 얼굴
쑥스럽다	서툴게 엮은 꽃다발처럼 순수한 마음의 표현
쑥스럽다	첫눈 내리는 밤 수줍음은 하얀 눈송이
쑥스럽다	저녁 노을처럼 붉게 타오르는 부끄러움 감추지 못한 감정
쑥스럽다	가을 바람에 흩날리는 단풍처럼 붉은 쑥스러움
쑥스럽다	서툰 손길로 만든 첫 번째 선물 진심의 표현
쑥스럽다	쑥스러운듯 피어나는 꽃봉오리
창피하다	얼굴이 붉어진 나 낙엽처럼 부끄러움에 흩날리는 감정
창피하다	창피함이 손에 잡힐 듯 얼음 조각 위의 미끄러짐
창피하다	말 한마디에 심장은 깨진 유리병 날카로운 침묵
창피하다	눈길 피하는 순간 고장 난 나침반 방향 잃은 나침반
창피하다	자존심이 물에 빠진 종이 배 흐릿한 물결 속 우아함
창피하다	고개 숙인 나 바람에 흔들리는 가로등 그림자
창피하다	말실수 한 조각 가을 바람에 날리는 건조한 잎
창피하다	숨길 수 없는 붉은 얼굴 떨어지는 별똥별의 순간적 빛
창피하다	심장이 철길에 놓인 동전 다가오는 기차의 무게
창피하다	내면의 폭풍 가라앉는 배처럼 침몰하는 자존감
창피하다	자신감이 부서진 창문 날카로운 바람의 속삭임
창피하다	어색한 침묵 속 시계의 느린 초침 기다림의 중압감
창피하다	발걸음이 무거운 짐 잊혀진 창고 속 먼지 쌓인 상자
창피하다	마음의 문이 닫힌 서랍 열쇠 잃은 추억의 감옥
창피하다	속삭임 속 숨겨진 비밀 깊은 숲속 잠든 동굴
창피하다	감추려 해도 번지는 물감 얼룩진 캔버스의 색채
창피하다	부끄러움에 꽃잎처럼 흔들리는 내 마음 봄바람의 춤
창피하다	고백 후의 침묵 무거운 안개 걷히지 않는 불확실성
창피하다	질문에 막힌 답 미로의 막다른 길 탈출구 없는 혼란
창피하다	당황의 순간 불안정한 모래성 파도에 쓸려가는 기대
간절하다	마음속 깊은 우물에서 솟아나는 갈증
간절하다	희망의 불꽃을 키우는 밤의 어둠
간절하다	꿈을 향해 뻗는 손길의 연장선
간절하다	무지개를 그리는 비 후의 소망
간절하다	시간의 모래사장을 가로지르는 발자국
간절하다	끝없는 바다 위 희망의 돛단배
간절하다	꽃피우려는 봄날의 마지막 서리
간절하다	깊은 산속 에코의 마지막 메아리
간절하다	가슴 속 숨겨진 보물의 열쇠
간절하다	까마득한 하늘에 닿으려는 나무의 손길
간절하다	추운 겨울밤을 녹이는 따뜻한 희망
간절하다	끝없는 사막을 건너는 생명의 오아시스
간절하다	깊은 밤을 밝히는 별빛의 속삭임
간절하다	세상 끝까지 이어지는 운명의 끈
간절하다	마음의 벽을 허무는 간절함의 물결
간절하다	어둠 속에서 반짝이는 희망의 등대
간절하다	새벽을 기다리는 밤하늘의 첫 번째 별
간절하다	강물처럼 흐르는 시간 속의 약속
간절하다	고요한 호수를 가르는 바람의 속삭임
간절하다	험난한 길을 안내하는 내면의 나침반
그립다	가을 바람에 흩날리는 마음속 낙엽
그립다	밤하늘을 가로지르는 외로운 별빛의 여정
그립다	떠나간 사랑을 기다리는 빈 의자의 그리움
그립다	쓸쓸한 해변에 쓰인 이름의 모래글씨
그립다	잊혀진 노래 가사처럼 맴도는 기억
그립다	창가에 맺힌 이슬처럼 스며드는 그리움
그립다	먼 여행길의 마지막 편지에 담긴 사모함
그립다	깊은 밤 달빛 아래 깨어난 추억
그립다	황혼을 수놓는 하늘의 마지막 색채
그립다	먼 곳을 바라보는 창문 너머의 간절함
그립다	오래된 앨범 속 한 장의 미소
그립다	초가을 이슬에 비친 잊을 수 없는 얼굴
그립다	가슴 속 깊이 묻힌 오래된 향기
그립다	어둠을 밝히는 불빛 아래 잊힌 그림자
그립다	새벽녘 꿈에서 마주한 눈빛의 포근함
그립다	눈물에 얼룩진 편지의 마지막 줄
그립다	저 멀리 떠나간 파도의 여운
그립다	선선한 바람에 실린 익숙한 목소리
그립다	마음의 뒤편에 숨겨진 비밀스러운 소망
그립다	저녁 노을에 물든 하늘의 애틋함
부럽다	타인의 정원에 핀 꽃의 화려함
부럽다	다른 이의 하늘을 날아오르는 새의 자유
부럽다	남의 손에 들린 반짝이는 보석의 빛
부럽다	옆집 창문 너머 피어나는 웃음의 여유
부럽다	남이 밟는 길 위의 황금빛 발자국
부럽다	다른 사람의 바다에서 뛰노는 파도의 즐거움
부럽다	이웃의 밭에서 자라는 풍성한 곡식의 향연
부럽다	타인의 책상 위 펼쳐진 성공의 지도
부럽다	다른 이의 하늘에 뜬 별의 반짝임
부럽다	남의 포도밭에서 익어가는 달콤한 열매
부럽다	남이 쓰는 펜으로 적힌 운명의 글귀
부럽다	타인의 파티에서 울려퍼지는 웃음의 울림
부럽다	남의 마당에서 피어난 봄날의 첫 꽃
부럽다	다른 사람의 여행 사진 속 환상의 풍경
부럽다	남의 갤러리에 걸린 아름다운 그림의 색채
부럽다	타인의 목소리에 담긴 승리의 음표
부럽다	다른 이의 손길이 닿은 행운의 문턱
부럽다	남의 무대 위에서 펼쳐지는 꿈의 빛
부럽다	이웃이 키우는 애완동물의 충성심
부럽다	타인의 캔버스에 그려진 성취의 미소
괴롭다	가시밭길을 맨발로 걷는 심장의 아픔
괴롭다	깊은 바다 속 질식하는 물고기의 절망
괴롭다	끝없는 어둠 속에서 길을 잃은 영혼
괴롭다	폭풍우 치는 밤의 외로운 불빛
괴롭다	차가운 겨울바람에 흩어지는 마음의 잔해
괴롭다	가슴을 파고드는 슬픔의 무거운 돌
괴롭다	찢겨진 편지처럼 조각난 기억의 슬픔
괴롭다	무너진 다리 위의 희망없는 발걸음
괴롭다	캄캄한 터널 속 끝없는 외침
괴롭다	잿빛 하늘 아래 묵직한 구름의 그림자
괴롭다	거울에 비친 눈물 젖은 미소
괴롭다	부서진 유리처럼 조각난 마음의 소리
괴롭다	깊은 산 속 메아리치는 외로운 외침
괴롭다	불타는 숲속의 탈출할 수 없는 덫
괴롭다	추운 겨울밤 얼어붙은 호수의 고독
괴롭다	끝없는 사막에서 목마른 영혼의 탄식
괴롭다	먼 바다에 가라앉는 태양의 절규
괴롭다	마른 하늘에 울리는 번개의 아픈 울림
괴롭다	소용돌이치는 폭풍 속 잃어버린 나침반
괴롭다	새벽녘 꿈에서 깨어난 눈물의 기억
귀찮다	구름 위를 걷는 듯한 무거운 발걸음
귀찮다	밀물처럼 밀려오는 무기력의 파도
귀찮다	영원히 풀리지 않는 복잡한 매듭
귀찮다	흐르지 않는 시간 속의 모래시계
귀찮다	손에 잡히지 않는 안개 속의 생각
귀찮다	끝없는 회색 도시의 단조로운 풍경
귀찮다	잔잔한 호수에 떨어진 무거운 돌멩이
귀찮다	허공을 맴도는 나침반 없는 나비
귀찮다	길 잃은 별의 방향을 찾는 여정
귀찮다	말라붙은 강물 속의 바람직한 오아시스
귀찮다	얼음장 위를 걷는 듯한 조심스러운 발자국
귀찮다	깊은 숲 속 길을 잃은 행인
귀찮다	무색의 캔버스에 그려진 색 없는 꿈
귀찮다	밤하늘의 별을 셀 수 없는 무력함
귀찮다	지울 수 없는 그림자를 따라가는 실루엣
귀찮다	무거운 눈꺼풀 아래 숨겨진 졸린 눈동자
귀찮다	꿈틀대는 뱀처럼 피할 수 없는 의무
귀찮다	바늘구멍을 통과하는 코끼리의 불가능함
귀찮다	투명한 벽에 부딪힌 소리 없는 외침
귀찮다	끝없는 사막의 한가운데 서 있는 나무
답답하다	숨쉬기 어려운 수중의 무거운 공기
답답하다	마음속 깊은 우물에 갇힌 소리
답답하다	끝없는 미로 속의 출구 없는 길
답답하다	밀폐된 방에 차오르는 묵직한 침묵
답답하다	영원히 열리지 않는 닫힌 문의 약속
답답하다	가시덤불 속 길을 잃은 조심스러운 발걸음
답답하다	높은 벽에 가로막힌 먼 풍경의 꿈
답답하다	잠긴 창문 너머 보이지 않는 자유
답답하다	짙은 안개에 쌓인 눈앞의 길
답답하다	얼어붙은 강물 위의 미끄러운 걸음
답답하다	터지지 않는 거품 속 갇힌 숨결
답답하다	천장을 뚫을 듯한 답답한 생각의 무게
답답하다	불투명한 유리벽 너머의 흐릿한 미래
답답하다	끊어진 다리 위의 도달할 수 없는 마을
답답하다	깊은 동굴 속 메아리치는 외로운 목소리
답답하다	무너진 탑의 그림자에 가려진 햇살
답답하다	손에 잡히지 않는 바람처럼 헛된 노력
답답하다	천천히 닫히는 문 틈 사이의 빛
답답하다	뒤엉킨 실처럼 풀리지 않는 문제
답답하다	숲속 어둠을 가르지 못하는 달빛의 고독
서먹하다	겨울 바람에 얼어붙은 따뜻한 말의 결핍
서먹하다	서로를 바라보지 않는 거울 속의 눈빛
서먹하다	첫눈이 내리는 아침의 조심스러운 발자국
서먹하다	가까이 있어도 먼 거리처럼 느껴지는 침묵
서먹하다	장벽 너머로 통하는 눈길의 불편함
서먹하다	서툰 춤사위 속의 어색한 발걸음
서먹하다	미묘한 공간을 채우지 못하는 대화의 공백
서먹하다	마주 앉아도 교차하지 않는 시선의 간극
서먹하다	손에 닿을 듯 말듯한 가까운 거리의 소원함
서먹하다	새벽 안개 속에서 길을 잃은 인사
서먹하다	막혔던 얼음이 서서히 녹아내리는 관계의 시작
서먹하다	표면 위를 가볍게 쓸고 지나가는 바람의 인연
서먹하다	서로 다른 책장을 넘기는 조용한 동반자
서먹하다	천천히 가까워지려는 두 개의 떨리는 마음
서먹하다	새로운 캔버스에 첫 번째 터치의 주저함
서먹하다	살짝 열린 문틈 사이의 조심스러운 호기심
서먹하다	눈 내리는 밤 조용히 공유하는 적막
서먹하다	얼음 위의 첫 걸음처럼 불안정한 시작
서먹하다	서로의 온도를 맞추려는 첫 인사의 시도
서먹하다	조용히 피어나려는 봄꽃 같은 새로운 관계
먹먹하다	가을 비에 씻긴 외로운 길목의 나뭇잎
먹먹하다	밤하늘을 가로지르는 떨어진 별의 속삭임
먹먹하다	깊은 바다 속 잠긴 태양의 마지막 눈물
먹먹하다	무거운 안개 속 잊혀진 도시의 기억
먹먹하다	잔잔한 호수에 떨어진 쓸쓸한 달빛의 파문
먹먹하다	고요한 새벽 끝나지 않는 꿈의 잔상
먹먹하다	삭막한 겨울 숲에서 마주친 외로움의 그림자
먹먹하다	먼 여행길의 끝에서 발견한 허무의 실루엣
먹먹하다	어스름한 하늘 아래 잊힌 약속의 그늘
먹먹하다	황혼에 물든 바람에 실린 고독의 소리
먹먹하다	깊은 어둠 속에 숨겨진 마음의 소용돌이
먹먹하다	붉은 저녁노을에 흩어진 기다림의 조각들
먹먹하다	시간이 멈춘 듯한 슬픔의 조각상
먹먹하다	끝없는 사막에서 만난 그리움의 오아시스
먹먹하다	가을 하늘에 흩날리는 이별의 낙엽
먹먹하다	길 잃은 별빛처럼 헤매는 마음의 미로
먹먹하다	세상의 소음 속에 파묻힌 내면의 울림
먹먹하다	조용한 눈 내림 속 쌓인 추억의 언덕
먹먹하다	잔잔한 강물에 비친 슬픔의 그림자
먹먹하다	북극의 밤하늘 아래 잠든 빛의 숨결
끔찍하다	어둠 속에 숨쉬는 공포의 눈동자
끔찍하다	폭풍우 치는 밤의 심장 속 울음
끔찍하다	썩은 나무 아래 숨겨진 비밀의 속삭임
끔찍하다	깊은 바다에 잠긴 절망의 암초
끔찍하다	불타는 숲속의 잿빛 광기의 흔적
끔찍하다	차가운 달빛 아래 깨어난 악몽의 그림자
끔찍하다	무너진 성의 폐허 속 숨결
끔찍하다	죽음의 문턱에서 속삭이는 공허의 노래
끔찍하다	시들어간 꽃잎 위의 잊혀진 저주
끔찍하다	끝없는 어둠 속에 갇힌 영혼의 울부짖음
끔찍하다	검은 호수에 비친 절망의 실루엣
끔찍하다	가시밭길을 걷는 내면의 고통
끔찍하다	차가운 겨울바람에 얼어붙은 두려움의 소리
끔찍하다	광기를 품은 별의 불길한 빛
끔찍하다	붉게 물든 하늘 아래 잠든 분노의 씨앗
끔찍하다	무거운 그림자 속에 숨은 죄책감의 무게
끔찍하다	금지된 숲에서 울리는 저주의 메아리
끔찍하다	허무에 둘러싸인 깨진 거울의 반영
끔찍하다	찢어진 책장 사이에 숨겨진 비명의 기록
끔찍하다	잊혀진 지하실에서 깨어난 공포의 눈빛
못마땅하다	마음속 불씨에 기름을 붓는 불화
못마땅하다	기대의 끈이 풀리는 낙담의 무게
못마땅하다	희망의 날개에 물을 끼얹는 실망
못마땅하다	침묵의 바다에서 파도치는 불안정
못마땅하다	미소 뒤에 숨은 가시의 존재
못마땅하다	인내의 실이 터지는 순간의 긴장
못마땅하다	소통의 다리가 무너지는 오해의 간극
못마땅하다	신뢰의 벽에 금이 가는 실망감
못마땅하다	감정의 얼음판 위를 걷는 미끄러움
못마땅하다	기쁨의 풍선에서 공기가 빠지는 탄식
못마땅하다	소망의 씨앗이 메마르는 가뭄의 시작
못마땅하다	의심의 구름이 명확함을 가리는 안개
못마땅하다	약속의 책장에서 먼지가 쌓이는 무관심
못마땅하다	마음의 문을 닫는 실망의 자물쇠
못마땅하다	기대의 화분에서 시들어가는 희망의 꽃
못마땅하다	대화의 물줄기가 마르는 의사소통의 사막
못마땅하다	추억의 앨범에 흐려지는 관계의 색깔
못마땅하다	감정의 유리잔에 금이 가는 쓰라림
못마땅하다	마음의 벽돌로 쌓아 올리는 불신의 탑
못마땅하다	믿음의 강에서 흘러나오는 배신의 물결
불만스럽다	속삭임의 숲에서 길을 잃은 이해의 미로
불만스럽다	기대의 화병에 꽂힌 시든 꽃의 애도
불만스럽다	마음의 창문에 내리는 불평의 산성비
불만스럽다	소통의 다리 위의 틈새로 자라는 오해의 잡초
불만스럽다	신뢰의 얼음이 녹는 실망의 봄날
불만스럽다	감정의 바다에서 표류하는 불만의 배
불만스럽다	기쁨의 샘물이 말라버린 갈증의 사막
불만스럽다	우정의 정원에서 홀로 시든 불화의 꽃
불만스럽다	소망의 별빛이 흐려지는 불만족의 밤하늘
불만스럽다	행복의 노래가 침묵하는 불평의 음악회
불만스럽다	의사소통의 길목에서 막힌 오해의 벽
불만스럽다	마음의 항해에서 풍랑을 만난 실망의 파도
불만스럽다	기대의 건축물에 생긴 불신의 균열
불만스럽다	인내의 줄이 끊어진 인내심의 한계
불만스럽다	감정의 우편함에 쌓인 미답의 서한
불만스럽다	신뢰의 거울에 비친 배신의 그림자
불만스럽다	소통의 강을 건너는 불안정의 다리
불만스럽다	마음의 화실에서 번진 불만의 색
불만스럽다	희망의 봉우리에서 미끄러진 절망의 계곡
불만스럽다	약속의 시계가 멈춘 기다림의 정거장
씁쓸하다	기대의 커피잔에 남은 마지막 쓴 맛
씁쓸하다	추억의 앨범 속 희미해진 웃음의 그림자
씁쓸하다	행복의 노래가 멀어지는 쓸쓸한 메아리
씁쓸하다	소통의 다리를 건너는 차가운 침묵의 바람
씁쓸하다	신뢰의 나무에서 떨어진 마지막 잎의 작별
씁쓸하다	소망의 하늘에 걸린 회색 구름의 무게
씁쓸하다	우정의 정원에서 시든 꽃잎의 조용한 낙하
씁쓸하다	마음의 창을 두드리는 외로운 비의 속삭임
씁쓸하다	기쁨의 향연에 스며든 갑작스러운 적막의 냉기
씁쓸하다	감정의 바다를 가로지르는 그리움의 파도
씁쓸하다	희망의 빛을 가리는 실망의 구름
씁쓸하다	사랑의 시간에서 흘러나온 아쉬움의 노래
씁쓸하다	운명의 길목에서 맞이한 인생의 가을바람
씁쓸하다	약속의 끝자락에서 흩어진 기대의 조각들
씁쓸하다	인내의 실을 타고 내려온 눈물의 진주
씁쓸하다	마음의 숲을 헤매는 상실의 안개
씁쓸하다	미래의 지도에 그려진 불확실성의 길
씁쓸하다	소통의 물결 속 잠긴 진실의 보물
씁쓸하다	관계의 색동저고리에 남은 마지막 스레드의 탄식
씁쓸하다	감정의 겨울을 품은 외로움의 첫눈
싫다	마음의 정원에 핀 불쾌감의 잡초
싫다	기대의 벽에 남긴 실망의 낙서
싫다	우정의 하늘을 가리는 불신의 구름
싫다	소통의 다리 아래 흐르는 오해의 강물
싫다	행복의 노래에 귀를 막는 불협화음
싫다	감정의 바다에 던진 반감의 돌멩이
싫다	신뢰의 길을 막는 배신의 장벽
싫다	인내의 실을 자르는 불편함의 가위
싫다	소망의 나무에서 떨어진 불만의 열매
싫다	기쁨의 춤을 멈추게 한 냉담의 바람
싫다	소통의 문을 닫는 무관심의 자물쇠
싫다	마음의 연못에 떠다니는 불편한 느낌의 잎사귀
싫다	약속의 길에서 헤매는 신뢰의 그림자
싫다	관계의 거울에 비친 차가운 시선
싫다	운명의 책장을 덮는 회의의 손길
싫다	사랑의 노래에 섞인 이별의 가사
싫다	감정의 샘물을 흐리게 하는 의심의 먼지
싫다	마음의 화실에 그린 불편한 진실의 초상화
싫다	기억의 서랍에서 꺼낸 상처의 편지
싫다	감성의 숲을 뒤흔드는 불쾌의 폭풍
꺼림칙하다	마음속에 숨은 곰팡이 같은 불안의 씨앗
꺼림칙하다	생각의 바다에 떠오른 우려의 기름띠
꺼림칙하다	소망의 정원에 자라난 의심의 잡초
꺼림칙하다	기대의 하늘을 가리는 염려의 구름
꺼림칙하다	신뢰의 길에 생긴 균열 같은 불신
꺼림칙하다	희망의 숲을 헤매는 두려움의 안개
꺼림칙하다	결심의 불길을 삼키는 망설임의 물결
꺼림칙하다	감정의 호수에 번진 회의의 물결무늬
꺼림칙하다	인내의 산맥에 생긴 걱정의 협곡
꺼림칙하다	열정의 별자리에 가려진 불확실성의 구름
꺼림칙하다	추진력의 바람에 맞서는 반대의 돌풍
꺼림칙하다	미래의 지평선을 흐리게 하는 두려움의 안개
꺼림칙하다	성장의 나무에 붙잡힌 주저함의 덩굴
꺼림칙하다	꿈의 터널을 어둡게 하는 의구심의 그림자
꺼림칙하다	심장의 문을 두드리는 망설임의 노크
꺼림칙하다	소통의 다리를 무너뜨리는 오해의 폭풍
꺼림칙하다	야망의 불꽃을 꺼트리는 절망의 바람
꺼림칙하다	혁신의 물결을 방해하는 관성의 암초
꺼림칙하다	자신감의 돛을 찢는 실패의 회오리
꺼림칙하다	창조력의 파노라마를 가리는 냉소의 안개
실망스럽다	기대의 돛대에 생긴 바람의 구멍
실망스럽다	희망의 꽃밭을 짓밟는 실망의 걸음
실망스럽다	열정의 화산에 흐르는 냉담의 용암
실망스럽다	성공의 하늘을 가린 실패의 구름
실망스럽다	용기의 샘물을 메우는 회의의 모래
실망스럽다	꿈의 다리를 무너뜨리는 절망의 폭풍
실망스럽다	기쁨의 노래를 잠재우는 눈물의 소리
실망스럽다	소망의 바다를 메우는 불만의 쓰나미
실망스럽다	신념의 불길을 끄는 의심의 물줄기
실망스럽다	인내의 산을 허무는 좌절의 삽질
실망스럽다	마음의 정원에 핀 후회의 잡초
실망스럽다	약속의 하늘에 남은 배신의 별똥별
실망스럽다	진실의 거울을 흐리게 하는 거짓의 안개
실망스럽다	우정의 배를 가라앉히는 배반의 빙산
실망스럽다	목표의 길목을 막는 회피의 장벽
실망스럽다	감사의 마음을 얼리는 냉소의 서리
실망스럽다	열정의 불씨를 꺼트리는 무관심의 바람
실망스럽다	소통의 다리 위의 오해의 균열
실망스럽다	자아의 탑을 무너뜨리는 자존심의 지진
실망스럽다	창의력의 강을 막는 현실의 둑
후회스럽다	선택의 갈림길에서 남긴 발자국의 그림자
후회스럽다	기회의 창을 닫는 손길의 뒤늦은 떨림
후회스럽다	마음의 화면에 재생되는 결정의 회한
후회스럽다	시간의 강을 거슬러 헤엄치고픈 후회의 물결
후회스럽다	행동의 책장을 넘기며 발견한 미련의 페이지
후회스럽다	꿈의 하늘에 남긴 기회의 빠진 별
후회스럽다	인생의 미로에서 택한 길의 울림
후회스럽다	기억의 서랍 속 깊이 숨겨진 반성의 편지
후회스럽다	미래의 거울에 비친 과거의 얼룩
후회스럽다	소망의 숲을 베어낸 결정의 낙엽
후회스럽다	마음의 벽에 걸린 미완성의 그림
후회스럽다	가슴 속 깊이 파묻힌 후회의 돌
후회스럽다	삶의 캔버스에 덧칠된 변화의 소망
후회스럽다	감정의 바다에 던져진 결심의 돌멩이
후회스럽다	기대의 고지에서 되돌아본 선택의 계곡
후회스럽다	희망의 돛대에 매달린 뒤늦은 깨달음
후회스럽다	어제의 길에서 놓친 내일의 물음표
후회스럽다	약속의 노트에 적힌 미이행의 눈물
후회스럽다	심장의 문턱에서 되돌리고 싶은 말
후회스럽다	미래의 씨앗을 심은 후회의 토양
아쉽다	가을 하늘에 떨어진 마지막 낙엽
아쉽다	마른 강물 속 잊혀진 보석
아쉽다	책장 속 잠자는 먼지 낀 추억
아쉽다	까마득한 밤 하늘의 잃어버린 별빛
아쉽다	빈 컵에 맴도는 따뜻했던 차 향기
아쉽다	무대 위 고독한 마이크의 에코
아쉽다	창가에 흐릿하게 남은 빗방울의 그림자
아쉽다	쓸쓸한 공원 벤치의 오래된 이야기
아쉽다	서랍 속 숨겨진 편지의 미완성 사랑
아쉽다	가을 바람에 흩날리는 잊혀진 약속
아쉽다	적막한 밤의 속삭임 없는 고백
아쉽다	새벽길에 흩어진 마지막 별의 눈물
아쉽다	눈앞에서 사라진 무지개의 빛깔
아쉽다	조용한 해변의 모래 위 남겨진 발자국
아쉽다	노을 뒤에 숨은 그리움의 색깔
아쉽다	꽃잎 사이에 숨겨진 이슬의 눈물
아쉽다	가슴 속 깊은 곳의 묻혀진 소망
아쉽다	환상 속에서만 존재하는 완벽한 이별
아쉽다	어스름한 저녁놀 아래 잊힌 속삭임
아쉽다	잠에서 깨어난 후 잊혀진 꿈의 향기
지겹다	회색 도시의 끝없는 콘크리트 정글
지겹다	시계의 느린 초침 소리에 매인 오후
지겹다	반복되는 일상 속 희미해진 웃음
지겹다	가을 비에 쓸쓸히 지워진 길모퉁이 이름
지겹다	책상 위 펼쳐진 먼지 쌓인 지도
지겹다	무표정한 하늘 아래 잊혀진 색채
지겹다	습관처럼 돌아가는 빈 회전목마
지겹다	누군가 떠난 후 남겨진 빈 의자
지겹다	지나간 여름의 끝자락에 버려진 양산
지겹다	불 꺼진 창문 너머의 고요한 밤
지겹다	텅 빈 거리에 울려 퍼지는 에코
지겹다	마음의 페이지를 넘기지 못한 책갈피
지겹다	잊혀진 앨범 속 반복되는 얼굴들
지겹다	잠시 멈춘 시계 속 무한한 대기
지겹다	바람에 날리는 낡은 일기장의 페이지
지겹다	무대 위 남겨진 마이크의 침묵
지겹다	깊은 밤 하늘의 별빛조차 잃어버린 눈동자
지겹다	옛날 이야기 속 잊혀진 주문
지겹다	무심코 지나치는 거리의 흐릿한 윤곽
지겹다	소리 없이 흐르는 강물의 단조로움
지루하다	마음 속 시들어가는 꽃밭의 외로움
지루하다	책장에 먼지 쌓인 생각의 서재
지루하다	달빛조차 잠든 밤의 고요한 호수
지루하다	감정의 사막에서 헤매는 영혼의 오아시스
지루하다	기억의 별들이 꺼져가는 저녁 노을
지루하다	희미해진 꿈의 흔적 버려진 어린시절의 놀이터
지루하다	창밖을 바라보는 무감각한 눈빛의 감옥
지루하다	시간에 잊혀진 공터에서 불어오는 바람의 노래
지루하다	생각의 마른 강물에 비친 구름 한 조각
지루하다	얼음에 갇힌 감정의 호수 봄을 기다리는 마음
지루하다	삶의 회색 도시에서 길 잃은 꿈의 새벽
지루하다	빛바랜 사진처럼 흐려진 열정의 기억
지루하다	마음의 짙은 안개 속 잃어버린 행복의 등대
지루하다	무거운 침묵을 지닌 잠들지 못하는 밤의 속삭임
지루하다	잊혀진 노래가 되어버린 소망의 멜로디
지루하다	감정의 무대 위 흐릿하게 사라진 역할의 그림자
지루하다	거미줄 친 추억 속에서 방황하는 마음의 신음
지루하다	꿈꾸는 별들 사이로 길 잃은 마음의 우주
지루하다	흘러가는 구름을 바라보는 생각 없는 눈동자의 정원
지루하다	마음의 겨울 속에서 피어나길 기다리는 봄의 꽃봉오리
심심하다	가을 하늘 아래 흩어진 단풍잎의 속삭임
심심하다	고요한 밤의 별빛 아래 잊혀진 소원
심심하다	무한히 펼쳐진 사막의 마지막 오아시스
심심하다	잠자는 숲 속의 숨겨진 비밀 정원
심심하다	깊은 바다 속 잠긴 고대의 잊혀진 도시
심심하다	어스름한 새벽에 맴도는 안개의 노래
심심하다	길 잃은 나그네의 쓸쓸한 저녁 노을
심심하다	끝없이 이어지는 평원의 외로운 바람소리
심심하다	비워진 공원 벤치 위의 가을 서리
심심하다	어둠 속에서 반짝이는 외로운 불빛 하나
심심하다	조용한 호수 위를 떠도는 잊혀진 노래
심심하다	책장 사이에 숨겨진 오래된 편지의 비밀
심심하다	새벽 안개 속 잃어버린 길의 기억
심심하다	흘러가는 강물에 반영된 외로운 달빛
심심하다	방 안을 맴도는 적막한 시계소리
심심하다	깊은 숲속 잠든 나무들의 오래된 꿈
심심하다	어둠을 가르는 촛불 하나의 고요한 빛
심심하다	멀리 사라지는 기차 소리의 쓸쓸한 메아리
심심하다	차가운 겨울바람에 흩날리는 눈송이의 춤
심심하다	늦은 밤 하늘을 가로지르는 별똥별의 외로움
놀랍다	마음속에 피어오르는 깜짝 놀람의 꽃밭
놀랍다	감정의 바다에서 뛰어오르는 놀라움의 돌고래
놀랍다	기대의 땅을 넘나드는 놀람의 번개
놀랍다	마음의 숲을 헤치는 놀라움의 폭풍
놀랍다	뜻밖의 기쁨으로 번지는 감동의 물결
놀랍다	생각의 사막에 내리는 놀라움의 단비
놀랍다	감성의 공중을 떠도는 놀라움의 나비
놀랍다	무의식의 강을 건너는 놀라움의 다리
놀랍다	인생의 페이지를 장식하는 놀라움의 책갈피
놀랍다	기쁨의 하늘에 뜬 놀라움의 별똥별
놀랍다	호기심의 미로에서 발견한 놀라움의 보물
놀랍다	마음의 벽을 뛰어넘는 놀라움의 장벽
놀랍다	미소의 샘물에서 솟아나는 놀라움의 샘물
놀랍다	감동의 숲에서 발견한 놀라움의 나무
놀랍다	기억의 강가에 조성된 놀라움의 정원
놀랍다	놀라움의 파도에 휩쓸린 감정의 섬
놀랍다	마음의 황무지를 채우는 놀라움의 오아시스
놀랍다	생각의 지평선에 뜨는 놀라움의 해돋이
놀랍다	감성의 캔버스에 그려진 놀라움의 그림
놀랍다	놀람의 불꽃으로 타오르는 호기심의 불꽃
황홀하다	영혼을 채우는 황홀함의 음악회
황홀하다	감정의 바다를 항해하는 황홀한 빛의 배
황홀하다	마음의 하늘에 펼쳐진 황홀한 별빛 축제
황홀하다	기쁨의 정원에서 피어나는 황홀의 꽃잎
황홀하다	생각의 숲을 비추는 황홀한 달빛
황홀하다	감성의 폭포에서 떨어지는 황홀의 물방울
황홀하다	꿈의 궁전을 장식하는 황홀함의 보석
황홀하다	무한한 상상의 우주를 여행하는 황홀한 별
황홀하다	마음의 호수에 반사되는 황홀한 새벽
황홀하다	추억의 책장을 넘기는 황홀한 기억의 페이지
황홀하다	행복의 미로에서 발견한 황홀의 출구
황홀하다	영감의 산맥을 넘는 황홀한 풍경
황홀하다	사랑의 강을 따라 흐르는 황홀한 노래
황홀하다	감동의 하늘을 가로지르는 황홀한 무지개
황홀하다	기쁨의 공원에서 즐기는 황홀한 산책
황홀하다	마음의 사막을 적시는 황홀의 오아시스
황홀하다	감정의 우주에서 발견한 황홀한 행성
황홀하다	추억의 앨범을 장식하는 황홀한 순간들
황홀하다	생각의 산봉우리에 서 있는 황홀의 전망대
황홀하다	감성의 바람에 실려오는 황홀한 향기
감격스럽다	기쁨의 파도에 휩싸인 감격의 섬
감격스럽다	감동의 숲속을 거니는 감격의 나그네
감격스럽다	마음의 사막에 피어난 감격의 오아시스
감격스럽다	감격의 별똥별이 밝히는 기쁨의 밤하늘
감격스럽다	감정의 바다를 항해하는 감격의 배
감격스럽다	기대의 땅을 가르는 감격의 산물
감격스럽다	눈물의 강을 건너는 감격의 다리
감격스럽다	마음의 정원에 핀 감격의 꽃
감격스럽다	감격의 순간을 간직한 기억의 상자
감격스럽다	감격의 음악에 맞춰 춤추는 마음의 발걸음
감격스럽다	감격의 불꽃놀이가 밝히는 기쁨의 하늘
감격스럽다	감격의 햇살이 비추는 희망의 아침
감격스럽다	마음의 호수에 반짝이는 감격의 물결
감격스럽다	기쁨의 미로에서 발견한 감격의 보석
감격스럽다	감격의 샘에서 솟아나는 기쁨의 물줄기
감격스럽다	인생의 길목에서 마주친 감격의 순간
감격스럽다	기쁨의 산맥을 넘나드는 감격의 바람
감격스럽다	감격의 메아리가 울려 퍼지는 감성의 골짜기
감격스럽다	기쁨의 심연에서 우러나오는 감격의 감정
감격스럽다	감격의 빛으로 가득 찬 마음의 창고
기쁘다	기쁨의 물결에 몸을 맡긴 마음의 배
기쁘다	행복의 꽃밭에서 춤추는 기쁨의 나비
기쁘다	마음의 하늘을 수놓는 기쁜 무지개
기쁘다	감정의 바다에 뜬 기쁨의 보트
기쁘다	마음의 정원에서 피어난 행복의 꽃
기쁘다	기쁨의 샘물에서 솟아나는 행복의 물줄기
기쁘다	기쁜 소식을 전하는 마음의 전령사
기쁘다	감정의 숲을 밝히는 기쁨의 등대
기쁘다	감격의 순간을 간직한 기쁨의 보물상자
기쁘다	행복의 음악에 맞춰 춤추는 기쁨의 리듬
기쁘다	마음의 창을 열어젖힌 기쁨의 햇살
기쁘다	감정의 하늘을 날아다니는 기쁨의 비행기
기쁘다	마음의 연못에 떠오른 기쁨의 연꽃
기쁘다	감정의 우주를 여행하는 기쁨의 별
기쁘다	기쁨의 파도 위를 서핑하는 마음의 서퍼
기쁘다	행복의 길을 밝히는 기쁨의 등불
기쁘다	마음의 캔버스에 그려진 기쁨의 그림
기쁘다	감격의 순간들을 엮은 기쁨의 이야기
기쁘다	감정의 골짜기를 메우는 기쁨의 에코
기쁘다	마음의 공간을 채우는 기쁨의 멜로디
뭉클하다	마음의 깊은 곳을 울리는 감동의 메아리
뭉클하다	추억의 바다에서 떠오르는 뭉클한 보물
뭉클하다	감성의 정원에서 피어나는 뭉클한 꽃잎
뭉클하다	기억의 별자리 속 빛나는 뭉클한 별빛
뭉클하다	감정의 물결에 부서지는 뭉클한 순간
뭉클하다	마음의 샘에서 솟구치는 뭉클한 감정
뭉클하다	인생의 길에서 마주친 뭉클한 이정표
뭉클하다	추억의 강가에 쌓인 뭉클한 모래성
뭉클하다	감성의 숲속에 울려 퍼지는 뭉클한 울림
뭉클하다	소중한 순간들을 엮은 뭉클한 기억의 앨범
뭉클하다	감정의 바다를 항해하는 뭉클한 배
뭉클하다	마음의 창문을 두드리는 뭉클한 바람
뭉클하다	기쁨과 슬픔이 교차하는 뭉클한 교차점
뭉클하다	마음의 길을 밝히는 뭉클한 등대
뭉클하다	감정의 골짜기를 메우는 뭉클한 에코
뭉클하다	마음의 캔버스에 그려진 뭉클한 그림
뭉클하다	생각의 터널을 지나는 뭉클한 여정
뭉클하다	감동의 순간들을 담은 뭉클한 상자
뭉클하다	감정의 하늘에 뜬 뭉클한 구름
뭉클하다	마음의 저녁하늘을 물들이는 뭉클한 노을
벅차다	꿈의 정상에서 뿜어져 나오는 벅찬 감동
벅차다	성취의 바다를 항해하는 벅찬 마음의 배
벅차다	마음의 황홀경을 걷는 벅찬 발걸음
벅차다	기쁨의 산맥을 넘는 벅찬 등정
벅차다	감정의 하늘을 가르는 벅찬 비행
벅차다	희망의 빛으로 가득 찬 벅찬 새벽
벅차다	마음의 사막에 핀 벅찬 기쁨의 꽃
벅차다	감동의 물결 위를 떠다니는 벅찬 뗏목
벅차다	추억의 강을 건너는 벅찬 다리
벅차다	감성의 숲을 헤치는 벅찬 탐험
벅차다	마음의 우주를 여행하는 벅찬 별
벅차다	기쁨의 캔버스에 그려진 벅찬 그림
벅차다	감정의 폭포 아래 서있는 벅찬 서림
벅차다	마음의 책장을 채우는 벅찬 이야기
벅차다	행복의 메아리가 울려퍼지는 벅찬 공간
벅차다	성공의 문턱을 넘는 벅찬 걸음
벅차다	기대와 설렘의 교차로에서 만난 벅찬 순간
벅차다	감격의 바다에서 헤엄치는 벅찬 수영
벅차다	마음의 고지를 정복한 벅찬 성취
벅차다	인생의 무대에서 펼쳐지는 벅찬 공연
뿌듯하다	노력의 정원에서 피어난 뿌듯한 성과
뿌듯하다	마음의 하늘에 떠오른 뿌듯한 달빛
뿌듯하다	성취의 산맥을 넘어선 뿌듯한 전망
뿌듯하다	감정의 바다를 항해하는 뿌듯한 배
뿌듯하다	기대의 숲속에서 발견한 뿌듯한 보물
뿌듯하다	노력의 땅을 가르는 뿌듯한 강
뿌듯하다	행동의 씨앗에서 자란 뿌듯한 나무
뿌듯하다	결실의 골짜기에 울려 퍼지는 뿌듯한 메아리
뿌듯하다	마음의 사막을 푸르게 만든 뿌듯한 오아시스
뿌듯하다	열정의 햇살 아래 빛나는 뿌듯한 이슬
뿌듯하다	감정의 하늘을 수놓는 뿌듯한 별자리
뿌듯하다	인내의 바다에서 잡은 뿌듯한 진주
뿌듯하다	노력의 불꽃에서 태어난 뿌듯한 빛
뿌듯하다	마음의 창고를 채운 뿌듯한 수확
뿌듯하다	꿈의 길을 걷는 뿌듯한 발걸음
뿌듯하다	도전의 미로를 헤쳐 나온 뿌듯한 출구
뿌듯하다	소망의 캔버스에 그려진 뿌듯한 그림
뿌듯하다	희망의 강가에서 펼쳐진 뿌듯한 피크닉
뿌듯하다	지식의 산을 오른 뿌듯한 정상
뿌듯하다	추억의 앨범에 추가된 뿌듯한 페이지
통쾌하다	승리의 순간을 담은 통쾌한 기념상
통쾌하다	마음의 벽을 부수는 통쾌한 일격
통쾌하다	기대를 뛰어넘는 통쾌한 성취의 도약
통쾌하다	억압의 사슬을 끊는 통쾌한 해방
통쾌하다	문제의 미로를 헤쳐 나가는 통쾌한 해결책
통쾌하다	감정의 폭포를 타고 내려오는 통쾌한 소리
통쾌하다	고난의 산을 넘는 통쾌한 정상 등반
통쾌하다	마음의 고무줄을 탁 치는 통쾌한 반동
통쾌하다	어려움을 가르는 통쾌한 승리의 칼날
통쾌하다	감정의 바다를 가로지르는 통쾌한 돛단배
통쾌하다	인생의 경기에서 이룬 통쾌한 득점
통쾌하다	장애물을 뛰어넘는 통쾌한 도약
통쾌하다	도전의 끝에 맞이하는 통쾌한 성공
통쾌하다	짜릿한 복수의 순간을 즐기는 통쾌한 만족
통쾌하다	감정의 강을 거슬러 오르는 통쾌한 연어
통쾌하다	마음의 창을 활짝 여는 통쾌한 숨통
통쾌하다	억눌린 감정을 터뜨리는 통쾌한 분출
통쾌하다	오랜 기다림 끝에 받은 통쾌한 보상
통쾌하다	참음의 끈을 놓아주는 통쾌한 해방감
통쾌하다	불가능을 가능으로 바꾼 통쾌한 변화
담담하다	마음의 호수에 잔잔히 떨어지는 담담한 빗방울
담담하다	평온의 숲을 거니는 담담한 발걸음
담담하다	감정의 바다를 가로지르는 담담한 나룻배
담담하다	변화의 바람을 맞는 담담한 나무
담담하다	생각의 평원을 유유히 흐르는 담담한 강물
담담하다	기억의 산맥을 조용히 넘는 담담한 구름
담담하다	인생의 길에서 마주친 담담한 이정표
담담하다	마음의 정원에서 피어나는 담담한 꽃
담담하다	시간의 흐름 속에 서 있는 담담한 시계
담담하다	감정의 캔버스에 그려진 담담한 그림
담담하다	생각의 미로에서 찾은 담담한 출구
담담하다	마음의 창을 두드리는 담담한 바람
담담하다	소란 속의 평화를 찾는 담담한 눈길
담담하다	감정의 빙산을 녹이는 담담한 햇살
담담하다	기대와 실망 사이를 걷는 담담한 줄타기
담담하다	사랑과 이별을 마주하는 담담한 마음
담담하다	감정의 하늘에 뜬 담담한 달빛
담담하다	마음의 계절을 견디는 담담한 나무잎
담담하다	추억의 강을 건너는 담담한 다리
담담하다	감정의 파도를 가라앉히는 담담한 정박지
좋다	희망의 씨앗을 심는 따뜻한 마음의 정원
좋다	마음의 하늘을 밝히는 사랑의 별빛
좋다	감정의 바다에 떠오르는 우정의 닻
좋다	인생의 길에서 피어나는 이해의 꽃
좋다	마음의 숲을 가꾸는 배려의 나무
좋다	감성의 평원을 적시는 친절의 이슬
좋다	기쁨의 물결을 일으키는 감사의 바람
좋다	마음의 문을 열어주는 소통의 열쇠
좋다	감정의 강을 건너는 연민의 다리
좋다	기억의 사막을 촉촉히 하는 위로의 오아시스
좋다	생각의 하늘을 수놓는 긍정의 무지개
좋다	마음의 캔버스에 그려진 동정의 그림
좋다	감성의 정원에 피어나는 감동의 꽃말
좋다	마음의 산맥을 넘는 포용의 경로
좋다	인생의 계절을 함께하는 충실의 나무
좋다	마음의 저수지를 채우는 만족의 물
좋다	감정의 숲속을 밝히는 신뢰의 등불
좋다	감성의 우주를 탐험하는 호기심의 별
좋다	기쁨의 파도를 타는 환희의 서핑보드
좋다	마음의 벽을 허무는 이해의 망치
편안하다	마음의 숲에서 부는 편안한 바람
편안하다	생각의 강가에 떠 있는 편안한 뗏목
편안하다	감정의 바다를 가르는 평화로운 항해
편안하다	마음의 창을 열어주는 편안한 햇살
편안하다	기억의 정원에 핀 휴식의 꽃
편안하다	소란스러운 세상 속 조용한 안식처
편안하다	마음의 우주를 메우는 평온의 별빛
편안하다	감성의 숲속을 거니는 평화의 산책
편안하다	감정의 폭포 아래 숨겨진 고요의 연못
편안하다	생각의 평원에 펼쳐진 안정의 담요
편안하다	감정의 바다에서 부는 시원한 해풍
편안하다	마음의 산맥을 넘는 안락의 바람
편안하다	감성의 정원에서 피어나는 위안의 꽃말
편안하다	기쁨과 슬픔 사이 흐르는 위로의 강
편안하다	마음의 창문을 두드리는 소망의 노래
편안하다	생각의 미로에서 찾은 평온의 출구
편안하다	마음의 깊은 곳을 채우는 만족의 우물
편안하다	기억의 사막을 적시는 친근의 오아시스
편안하다	인생의 여정에서 만나는 평안의 정거장
편안하다	마음의 벽에 걸린 휴식의 그림
행복하다	마음의 정원에서 피어나는 행복의 꽃
행복하다	감정의 하늘을 수놓는 기쁨의 무지개
행복하다	기억의 해변에서 반짝이는 행복의 조개껍질
행복하다	생각의 숲을 밝히는 만족의 햇살
행복하다	감성의 바다를 항해하는 행복의 배
행복하다	마음의 캔버스에 그려진 기쁨의 그림
행복하다	소망의 별이 이끄는 행복한 꿈의 여정
행복하다	기쁨의 샘에서 솟아나는 행복의 물결
행복하다	마음의 공간을 가득 채우는 희열의 음악
행복하다	감정의 평원에서 울려퍼지는 웃음의 메아리
행복하다	인생의 길에서 발견한 행복의 이정표
행복하다	마음의 창을 넘나드는 만족의 바람
행복하다	추억의 숲에서 발견한 행복의 보물
행복하다	소중한 순간들을 담은 기쁨의 앨범
행복하다	마음의 호수에 떠오르는 행복의 연꽃
행복하다	감정의 강을 따라 흐르는 희망의 물길
행복하다	기쁨의 파도를 타는 행복의 서핑보드
행복하다	감성의 정원에 핀 안도의 꽃잎
행복하다	생각의 산맥을 넘는 감사의 바람
행복하다	마음의 저녁하늘을 물들이는 행복의 노을
후련하다	걱정의 무게를 벗어던진 후련한 숨결
후련하다	마음의 공간을 환기시키는 시원한 바람
후련하다	감정의 하늘을 맑게 하는 구름 한 점 없는 날
후련하다	문제의 미로에서 찾은 출구에 선 후련한 안도
후련하다	마음의 창문을 열고 들어온 상쾌한 공기
후련하다	감정의 잔해를 치우고 난 뒤의 깔끔한 정리
후련하다	억눌린 마음의 댐을 터뜨린 해방의 홍수
후련하다	오랜 기다림 끝에 맞이한 성취의 뿌듯함
후련하다	고민의 숲을 빠져나온 후의 가벼운 발걸음
후련하다	스트레스의 족쇄를 풀어낸 자유의 숨
후련하다	감정의 짐을 내려놓은 후의 편안한 안식
후련하다	오랫동안 마음속에 쌓인 먼지를 털어낸 청소
후련하다	마음의 긴장을 풀어주는 카타르시스의 순간
후련하다	갈등의 끈을 끊고 난 후의 명쾌한 결론
후련하다	어둠의 터널을 지나 밝은 빛을 만난 순간
후련하다	참고 견딘 끝에 맞이한 해방감의 환희
후련하다	불확실성의 안개가 걷힌 명료한 시야
후련하다	오해의 고리를 끊고 난 후의 속 시원한 해명
후련하다	짐을 내려놓고 떠나는 가벼운 여행
후련하다	끝나지 않을 것 같던 이야기의 마침표
감사하다	마음의 정원에 피어난 감사의 꽃
감사하다	감정의 하늘에 띄운 감사의 풍선
감사하다	기억의 사막을 촉촉히 하는 고마움의 오아시스
감사하다	생각의 미로에서 찾은 감사의 출구
감사하다	마음의 창을 밝히는 감사의 새벽
감사하다	감성의 숲속에 울려퍼지는 고마움의 노래
감사하다	감정의 바다를 가로지르는 감사의 돛단배
감사하다	기쁨의 산맥을 넘는 고마움의 메아리
감사하다	마음의 캔버스에 그려진 감사의 그림
감사하다	인생의 길에서 만난 감사의 이정표
감사하다	감성의 정원에 핀 감사의 꽃말
감사하다	마음의 우주를 메우는 고마움의 별
감사하다	감정의 폭포 아래 숨겨진 감사의 보물
감사하다	기억의 강가에 쌓인 고마움의 모래성
감사하다	감성의 해변에서 씻기는 감사의 파도
감사하다	마음의 저수지를 채우는 감사의 물결
감사하다	기쁨의 필드에서 춤추는 감사의 축제
감사하다	생각의 골짜기를 메우는 고마움의 에코
감사하다	감정의 공원에서 만나는 감사의 벤치
감사하다	마음의 서랍 속 깊이 간직된 감사의 편지
대견하다	성취의 정상에서 바라보는 대견한 전망
대견하다	마음의 거울에 비치는 자부심의 빛
대견하다	감정의 바다를 항해하는 자긍심의 배
대견하다	인생의 길을 가르는 대견한 나침반
대견하다	기억의 산맥을 정복한 성취의 깃발
대견하다	감성의 정원에 피어난 자긍심의 꽃
대견하다	마음의 캔버스에 그려진 자부심의 그림
대견하다	감정의 하늘을 날아오르는 대견한 새
대견하다	생각의 평원을 가로지르는 자긍심의 길
대견하다	마음의 서재에 꽂힌 대견한 일기
대견하다	기쁨의 산맥에 울려퍼지는 자긍심의 메아리
대견하다	감성의 숲을 거니는 대견한 발자국
대견하다	마음의 우주를 탐험하는 자부심의 별
대견하다	감정의 강을 건너는 자긍심의 다리
대견하다	추억의 바다에서 빛나는 대견한 보석
대견하다	마음의 벽에 걸린 자부심의 그림
대견하다	기억의 사막을 푸르게 만든 대견한 오아시스
대견하다	생각의 미로에서 발견한 자긍심의 출구
대견하다	감정의 폭포 아래 숨겨진 대견한 보물
대견하다	마음의 저녁하늘을 물들이는 자부심의 노을
반갑다	마음의 정원에 피어난 반가움의 꽃
반갑다	기억의 골목을 밝히는 반가운 불빛
반갑다	감정의 하늘을 수놓는 환영의 무지개
반갑다	소식의 바다를 가로지르는 반가운 파도
반갑다	생각의 평야에서 불어오는 반가운 바람
반갑다	마음의 창을 두드리는 기쁨의 메아리
반갑다	인생의 길목에서 만난 반가운 이정표
반갑다	추억의 강가에서 발견한 반가운 발자국
반갑다	감성의 숲속에 울려퍼지는 환영의 노래
반갑다	마음의 캔버스에 그려진 반가움의 그림
반갑다	기쁨의 산맥에 울리는 반가운 메아리
반갑다	감정의 바다에서 항해하는 반가운 배
반갑다	생각의 미로를 비추는 반가운 빛
반갑다	감성의 정원에 핀 환영의 꽃말
반갑다	기억의 사막을 촉촉히 하는 반가운 오아시스
반갑다	마음의 우주를 밝히는 반가운 별
반갑다	추억의 서랍에서 꺼낸 반가운 사진
반갑다	소통의 다리를 건너는 반가운 손길
반갑다	감정의 폭포 아래 숨겨진 반가운 보물
반갑다	마음의 저녁하늘을 물들이는 반가운 노을
사랑스럽다	마음의 정원에 핀 사랑의 첫 꽃
사랑스럽다	감성의 하늘을 수놓는 애정의 별빛
사랑스럽다	기억의 강가에 부는 따스한 사랑의 바람
사랑스럽다	생각의 숲속에 울려퍼지는 애정의 새소리
사랑스럽다	감정의 바다를 항해하는 사랑의 뗏목
사랑스럽다	마음의 캔버스에 그려진 애정의 그림
사랑스럽다	인생의 길에서 만난 사랑의 이정표
사랑스럽다	감성의 정원에 심어진 사랑의 씨앗
사랑스럽다	기쁨의 산맥을 넘는 사랑의 메아리
사랑스럽다	마음의 창을 두드리는 사랑스러운 소식
사랑스럽다	감정의 강을 건너는 애정의 다리
사랑스럽다	추억의 골짜기를 채우는 사랑의 에코
사랑스럽다	감성의 해변에서 쓰는 사랑의 모래글씨
사랑스럽다	마음의 우주를 가득 채우는 애정의 별자리
사랑스럽다	감정의 폭포 아래 숨겨진 사랑의 보물
사랑스럽다	기억의 사막을 적시는 사랑의 오아시스
사랑스럽다	생각의 평원을 달리는 사랑의 말
사랑스럽다	마음의 벽에 걸린 애정의 그림
사랑스럽다	감성의 정원에서 피어나는 사랑의 꽃말
사랑스럽다	인생의 무대에서 공연하는 사랑스러운 연극
애틋하다	마음의 깊은 곳에서 울리는 애틋한 메아리
애틋하다	추억의 바다를 항해하는 애틋한 추억의 배
애틋하다	기억의 숲속에서 피어나는 애틋한 그리움의 꽃
애틋하다	감정의 하늘에 뜬 애틋한 그리움의 달
애틋하다	인생의 길목에서 만난 애틋한 인연의 십자가
애틋하다	마음의 창문을 두드리는 애틋한 기억의 바람
애틋하다	감성의 강을 건너는 애틋한 사랑의 다리
애틋하다	시간의 흐름 속 애틋한 순간들의 진주
애틋하다	소망의 별빛 아래 피어난 애틋한 소원
애틋하다	감정의 폭포 아래 숨겨진 애틋한 보물
애틋하다	마음의 캔버스에 그려진 애틋한 그리움의 그림
애틋하다	생각의 미로에서 발견한 애틋한 사연의 출구
애틋하다	기억의 사막을 촉촉히 하는 애틋한 눈물
애틋하다	마음의 정원에서 가꾸는 애틋한 우정의 꽃
애틋하다	감성의 숲에서 울려퍼지는 애틋한 이별의 소리
애틋하다	기쁨과 슬픔 사이 흐르는 애틋한 감정의 강
애틋하다	감정의 하늘을 나는 애틋한 추억의 나비
애틋하다	마음의 우주를 가득 채우는 애틋한 별들
애틋하다	인생의 계절을 함께하는 애틋한 기억의 나무
애틋하다	마음의 저녁하늘을 물들이는 애틋한 그리움의 노을
재미있다	웃음의 샘에서 솟아나는 재미의 물결
재미있다	감성의 숲을 누비는 웃음의 나비
재미있다	기쁨의 바다에서 뛰노는 재미의 돌고래
재미있다	생각의 하늘을 가로지르는 즐거움의 비행
재미있다	마음의 정원에서 피어난 유쾌한 꽃
재미있다	기억의 미로에서 찾은 즐거움의 보물
재미있다	감정의 산맥을 넘는 흥미의 모험
재미있다	인생의 길에서 만난 재미있는 이정표
재미있다	소통의 다리를 건너는 유머의 파도
재미있다	감성의 골짜기를 메우는 웃음의 에코
재미있다	마음의 우주를 탐험하는 즐거움의 별
재미있다	추억의 강을 따라 흐르는 웃음의 래프팅
재미있다	생각의 평원에서 뛰노는 재미의 말
재미있다	감정의 바다에 뜬 행복의 보트
재미있다	마음의 창문을 열어주는 웃음의 바람
재미있다	감성의 하늘에 떠오르는 즐거움의 풍선
재미있다	기쁨의 산맥에 울려퍼지는 웃음의 메아리
재미있다	소망의 별이 이끄는 재미의 여정
재미있다	마음의 캔버스에 그려진 유쾌한 그림
재미있다	감정의 폭포 아래 발견한 즐거움의 보물
즐겁다	기쁨의 파도를 타는 즐거움의 서퍼
즐겁다	마음의 정원에서 뛰노는 행복의 나비
즐겁다	감정의 하늘에 펼쳐진 즐거운 무지개
즐겁다	웃음의 샘에서 솟아나는 기쁨의 분수
즐겁다	생각의 골목을 밝히는 즐거움의 등불
즐겁다	추억의 사진첩을 장식하는 즐거운 순간들
즐겁다	마음의 캔버스에 그려진 행복의 그림
즐겁다	감성의 공원에서 피어나는 웃음의 꽃
즐겁다	기쁨의 파티에 초대받은 즐거움의 손님
즐겁다	인생의 무대에서 춤추는 즐거운 발걸음
즐겁다	감정의 강을 따라 흐르는 즐거움의 래프팅
즐겁다	마음의 하늘을 날아다니는 행복의 종이비행기
즐겁다	소소한 일상 속 숨겨진 즐거움의 보물
즐겁다	감성의 바다에서 항해하는 기쁨의 요트
즐겁다	생각의 숲을 여행하는 즐거움의 탐험가
즐겁다	마음의 우주를 탐험하는 즐거움의 우주선
즐겁다	기대의 끝에서 만나는 즐거운 놀라움
즐겁다	감정의 축제에서 펼쳐지는 즐거움의 불꽃놀이
즐겁다	웃음의 강가에서 쌓는 즐거운 모래성
즐겁다	마음의 저녁하늘을 물들이는 즐거움의 노을
짜릿하다	모험의 정상에서 느끼는 짜릿한 전율
짜릿하다	감정의 롤러코스터를 타는 심장의 두근거림
짜릿하다	마음의 전기를 통하는 짜릿한 스파크
짜릿하다	기대와 설렘의 교차로에서 만난 짜릿한 순간
짜릿하다	감성의 바다를 항해하는 짜릿한 돌풍
짜릿하다	인생의 무대에서 펼치는 짜릿한 공연
짜릿하다	도전의 숲을 뚫고 나오는 짜릿한 성취감
짜릿하다	감정의 고무줄을 당기는 짜릿한 긴장감
짜릿하다	기쁨의 산맥을 넘는 짜릿한 도약
짜릿하다	추억의 강에서 발견한 짜릿한 보물
짜릿하다	마음의 우주를 탐험하는 짜릿한 별똥별
짜릿하다	생각의 사막을 가르는 짜릿한 오아시스
짜릿하다	감정의 폭포 아래서 느끼는 짜릿한 소름
짜릿하다	마음의 경주에서 우승하는 짜릿한 승리
짜릿하다	감성의 정원에서 피어나는 짜릿한 꽃
짜릿하다	기억의 복도를 달리는 짜릿한 발자국
짜릿하다	소통의 다리를 건너는 짜릿한 대화
짜릿하다	마음의 벽을 허무는 짜릿한 해방감
짜릿하다	감정의 해변에서 쌓는 짜릿한 모래성
짜릿하다	인생의 책장을 넘기는 짜릿한 페이지
